-- phpMyAdmin SQL Dump
-- version 3.4.11.1deb2
-- http://www.phpmyadmin.net
--
-- Хост: localhost
-- Время создания: Май 03 2014 г., 19:01
-- Версия сервера: 5.5.35
-- Версия PHP: 5.4.4-14+deb7u8

SET SQL_MODE="NO_AUTO_VALUE_ON_ZERO";
SET time_zone = "+00:00";


/*!40101 SET @OLD_CHARACTER_SET_CLIENT=@@CHARACTER_SET_CLIENT */;
/*!40101 SET @OLD_CHARACTER_SET_RESULTS=@@CHARACTER_SET_RESULTS */;
/*!40101 SET @OLD_COLLATION_CONNECTION=@@COLLATION_CONNECTION */;
/*!40101 SET NAMES utf8 */;

--
-- База данных: `classic-ctf`
--

-- --------------------------------------------------------

--
-- Структура таблицы `advisory`
--

CREATE TABLE IF NOT EXISTS `advisory` (
  `id` int(11) NOT NULL AUTO_INCREMENT,
  `team_id` int(11) NOT NULL,
  `text` text CHARACTER SET utf8 COLLATE utf8_bin NOT NULL,
  `post_timestamp` timestamp NOT NULL DEFAULT CURRENT_TIMESTAMP,
  `score` int(11) NOT NULL DEFAULT '0',
  PRIMARY KEY (`id`)
) ENGINE=InnoDB  DEFAULT CHARSET=latin1 AUTO_INCREMENT=10 ;

--
-- Дамп данных таблицы `advisory`
--

INSERT INTO `advisory` (`id`, `team_id`, `text`, `post_timestamp`, `score`) VALUES
(4, 2, 'Стандартный пароль на логин admin в сервисе на PHP Pa$$w0rD\r\nСменить пароль можно ваполнив sql запрос  \r\n update users_1 set password = ''нев пароль'' where login = ''admin'';', '0000-00-00 00:00:00', 24),
(5, 3, '1)При регистрации с пустым логином паролем , Django  выдаает ошибку в которой , очень много всего пути,  логины \r\n2)PHP включены все ошибки , и  по рестарту устонавливается одинаковый пароль и логин администратора \r\n', '0000-00-00 00:00:00', 18),
(6, 1, '1. Php. \r\nОписание: Уязвимость в функции Restart, которая перезапускает сам сервер.\r\nИспользование: перезапуск сервера любым пользователем (кнопка доступна всем).\r\nИсправление: изменение функции Restart (например, использование только админом)\r\n\r\n2. Php.\r\nОписание: Пользователи могут открывать сообщения любых других пользователей.\r\nИспользование: Создание нового пользователя позволяет просмотреть сообщения любых других пользователей.\r\nИсправление: Разрешить смотреть только собственные сообщения.\r\n', '0000-00-00 00:00:00', 6),
(8, 1, 'В функции restart можно найти пароль admin-a.=> Любой юзер может зайти под ним и он видит сообщ. каджого пользователя и видит флаги. Нужно изменить пароль admin-а.', '0000-00-00 00:00:00', 24),
(9, 2, 'Чтобы после каждой регистрации на php сервисе нельзя было забрать два флага, меняем четвертую строку в config.php на $commishion = 5000;', '0000-00-00 00:00:00', 0);

-- --------------------------------------------------------

--
-- Структура таблицы `flags`
--

CREATE TABLE IF NOT EXISTS `flags` (
  `id` int(11) NOT NULL AUTO_INCREMENT,
  `flag` varchar(128) CHARACTER SET utf8 COLLATE utf8_bin NOT NULL,
  `team_id` int(11) NOT NULL,
  `service_id` int(11) NOT NULL,
  `post_timestamp` timestamp NOT NULL DEFAULT CURRENT_TIMESTAMP,
  `until_timestamp` timestamp NOT NULL DEFAULT '0000-00-00 00:00:00',
  `put_status` int(11) NOT NULL DEFAULT '0',
  `check_status` int(11) NOT NULL DEFAULT '0',
  PRIMARY KEY (`id`)
) ENGINE=InnoDB  DEFAULT CHARSET=latin1 AUTO_INCREMENT=1163 ;

--
-- Дамп данных таблицы `flags`
--

INSERT INTO `flags` (`id`, `flag`, `team_id`, `service_id`, `post_timestamp`, `until_timestamp`, `put_status`, `check_status`) VALUES
(1, '75e9161973b39164100fbc78af9c4990', 1, 1, '2014-05-03 08:53:03', '0000-00-00 00:00:00', 1, 0),
(2, '27ba34b2134ab6ce98831bf98f2f77be', 1, 2, '2014-05-03 08:53:03', '0000-00-00 00:00:00', 1, 0),
(3, '98f97dae342ffa2948616a1cda91478f', 1, 3, '2014-05-03 08:53:03', '0000-00-00 00:00:00', 1, 0),
(4, 'e153979c0bc40a06c4057a421e81cabc', 2, 1, '2014-05-03 08:53:03', '0000-00-00 00:00:00', 1, 0),
(5, 'b8a758c5534749065577422390a018fd', 2, 2, '2014-05-03 08:53:03', '0000-00-00 00:00:00', 1, 0),
(6, 'fb83157d147ff71c942812fc428f4475', 2, 3, '2014-05-03 08:53:03', '0000-00-00 00:00:00', 1, 0),
(7, '2f96bbafa5f374b500ba96883e0214af', 3, 1, '2014-05-03 08:53:03', '0000-00-00 00:00:00', 1, 0),
(8, 'c6b4a8c021e991c2324b38abbfc1c99a', 3, 2, '2014-05-03 08:53:03', '0000-00-00 00:00:00', 1, 0),
(9, 'ccf27c4279e14c5d7ed69670024ec053', 3, 3, '2014-05-03 08:53:03', '0000-00-00 00:00:00', 1, 0),
(10, '556b941bb20d1d961b27804ae1fcd167', 1, 1, '2014-05-03 08:54:03', '0000-00-00 00:00:00', 1, 1),
(11, 'e7360d1a582cc6629c72ff51c9f914e1', 1, 2, '2014-05-03 08:54:03', '0000-00-00 00:00:00', 1, 1),
(12, '1f398519529aada129e45a65ae858204', 1, 3, '2014-05-03 08:54:03', '0000-00-00 00:00:00', 1, 1),
(13, 'a0d222e6113ae95b89ec5e642b7f8be4', 2, 1, '2014-05-03 08:54:03', '0000-00-00 00:00:00', 1, 1),
(14, '96794d90b049f87a6103ec049d5e404e', 2, 2, '2014-05-03 08:54:03', '0000-00-00 00:00:00', 1, 1),
(15, 'c48c3cb38180e3ea0451263551600fcf', 2, 3, '2014-05-03 08:54:03', '0000-00-00 00:00:00', 1, 1),
(16, 'c6f38c6a6560215ae739c8387ea443bf', 3, 1, '2014-05-03 08:54:03', '0000-00-00 00:00:00', 1, 1),
(17, '7e68a4748e2af160b4930cac32b8c21f', 3, 2, '2014-05-03 08:54:03', '0000-00-00 00:00:00', 1, 1),
(18, 'e66230f22d84a3087e147c5d0835948b', 3, 3, '2014-05-03 08:54:03', '0000-00-00 00:00:00', 1, 1),
(19, '57f59f79f0ca867eb1330297118d144f', 1, 1, '2014-05-03 08:55:03', '0000-00-00 00:00:00', 1, 1),
(20, '59e05ff0c3928753b56a8a8c073ef01d', 1, 2, '2014-05-03 08:55:03', '0000-00-00 00:00:00', 1, 1),
(21, 'de37dc98b69ebca09652c2d837cd7d56', 1, 3, '2014-05-03 08:55:03', '0000-00-00 00:00:00', 1, 1),
(22, '74d6e9e97a24e19a158d94da45dd4cf0', 2, 1, '2014-05-03 08:55:03', '0000-00-00 00:00:00', 1, 1),
(23, '4f0102bb00b30814e138263f2ccf7465', 2, 2, '2014-05-03 08:55:03', '0000-00-00 00:00:00', 1, 1),
(24, '71aea81133545ee0a2ba9c145db0861d', 2, 3, '2014-05-03 08:55:03', '0000-00-00 00:00:00', 1, 1),
(25, '0a8e6a8a1a570c1dc621bd4adf3a4198', 3, 1, '2014-05-03 08:55:04', '0000-00-00 00:00:00', 1, 1),
(26, '99996004133b371ea9c0cb014471abfd', 3, 2, '2014-05-03 08:55:04', '0000-00-00 00:00:00', 1, 1),
(27, 'cd683a22edbd9ce7d0495e352f241899', 3, 3, '2014-05-03 08:55:04', '0000-00-00 00:00:00', 1, 1),
(28, '11b870b865b90965f88e56518de7ca5c', 1, 1, '2014-05-03 08:56:04', '0000-00-00 00:00:00', 1, 1),
(29, '71ef905396170e9e56122e995364b9fe', 1, 2, '2014-05-03 08:56:04', '0000-00-00 00:00:00', 1, 1),
(30, 'ecbff30c41406589790d297348203789', 1, 3, '2014-05-03 08:56:04', '0000-00-00 00:00:00', 1, 1),
(31, '2236e79d4f273da45cfeac7a388dfe76', 2, 1, '2014-05-03 08:56:04', '0000-00-00 00:00:00', 1, 1),
(32, '24854d4b549951f10b4aacb5de369947', 2, 2, '2014-05-03 08:56:04', '0000-00-00 00:00:00', 1, 1),
(33, '1badd9ac42efa5055dcfe6484a1fa2c0', 2, 3, '2014-05-03 08:56:04', '0000-00-00 00:00:00', 1, 1),
(34, '64a9949f495d48a994a92f79fb5185c6', 3, 1, '2014-05-03 08:56:04', '0000-00-00 00:00:00', 1, 1),
(35, 'df9cb47420dd4ee3a68640f572002c45', 3, 2, '2014-05-03 08:56:04', '0000-00-00 00:00:00', 1, 1),
(36, '79e6b1598f5498db924d6265b415eed0', 3, 3, '2014-05-03 08:56:04', '0000-00-00 00:00:00', 1, 1),
(37, '832d63824abeebf0c2684a93fee4fada', 1, 1, '2014-05-03 08:57:04', '0000-00-00 00:00:00', 1, 1),
(38, '939badfbe860c33208f44dae1eb8f239', 1, 2, '2014-05-03 08:57:04', '0000-00-00 00:00:00', 1, 1),
(39, '693b28964906e0f00fef7739d97b96e1', 1, 3, '2014-05-03 08:57:04', '0000-00-00 00:00:00', 1, 1),
(40, 'b9122f1569d69da986f7d26146db360f', 2, 1, '2014-05-03 08:57:04', '0000-00-00 00:00:00', 1, 1),
(41, '7ea039f0cede790411f44246ec97002a', 2, 2, '2014-05-03 08:57:04', '0000-00-00 00:00:00', 1, 1),
(42, '81d93eff039f95e7712e44cf01fdb093', 2, 3, '2014-05-03 08:57:04', '0000-00-00 00:00:00', 1, 1),
(43, '66f1ebc67654119a209da38da4d9db0f', 3, 1, '2014-05-03 08:57:04', '0000-00-00 00:00:00', 1, 1),
(44, '6f81b47b85377796411ca6a675e57980', 3, 2, '2014-05-03 08:57:04', '0000-00-00 00:00:00', 1, 1),
(45, 'b8982508f19ec33938cab2a211f5dacc', 3, 3, '2014-05-03 08:57:04', '0000-00-00 00:00:00', 1, 1),
(46, '3d615173d17a99300930412cfa72d37b', 1, 1, '2014-05-03 08:58:04', '0000-00-00 00:00:00', 1, 1),
(47, '43604e46f7db1cd23cd7e8ad213b28e6', 1, 2, '2014-05-03 08:58:04', '0000-00-00 00:00:00', 1, 1),
(48, '7d8303ebdba2e15c3bb57d4388bb23a1', 1, 3, '2014-05-03 08:58:04', '0000-00-00 00:00:00', 1, 1),
(49, 'c3ce55d606cc3b67467f7311dc123c10', 2, 1, '2014-05-03 08:58:04', '0000-00-00 00:00:00', 1, 1),
(50, '5413821d055b26e6066bc5c12ae4d86c', 2, 2, '2014-05-03 08:58:04', '0000-00-00 00:00:00', 1, 1),
(51, '40a124a8f90f456f62c2e79fe75614d0', 2, 3, '2014-05-03 08:58:04', '0000-00-00 00:00:00', 1, 1),
(52, '80be42604d1c664c9f4ed2926541fdcb', 3, 1, '2014-05-03 08:58:04', '0000-00-00 00:00:00', 1, 1),
(53, '6d4aa874947d9c636ebcf0c68d068b7e', 3, 2, '2014-05-03 08:58:04', '0000-00-00 00:00:00', 1, 1),
(54, '62ca120b82eb1fd439b185a75b423f25', 3, 3, '2014-05-03 08:58:04', '0000-00-00 00:00:00', 1, 1),
(55, 'c3127c0641fd02607a3ef7af32a83f26', 1, 1, '2014-05-03 08:59:04', '0000-00-00 00:00:00', 1, 1),
(56, 'ecb441855e42f23e63f3b56c3ad58d74', 1, 2, '2014-05-03 08:59:04', '0000-00-00 00:00:00', 1, 1),
(57, '5f1c333659822be964c798a28fea5769', 1, 3, '2014-05-03 08:59:04', '0000-00-00 00:00:00', 1, 1),
(58, '12126f46ab8aa187a3803ca0892acc9a', 2, 1, '2014-05-03 08:59:04', '0000-00-00 00:00:00', 1, 1),
(59, 'c92ef839286ac794f0b11bb70ed0b68a', 2, 2, '2014-05-03 08:59:04', '0000-00-00 00:00:00', 1, 1),
(60, 'aa363c214cd1eb65a0b6c66658220292', 2, 3, '2014-05-03 08:59:04', '0000-00-00 00:00:00', 1, 1),
(61, '2985c15684234742dd0f0f0e07f69556', 3, 1, '2014-05-03 08:59:04', '0000-00-00 00:00:00', 1, 1),
(62, '099fb5bf723e2ed237c81861828af920', 3, 2, '2014-05-03 08:59:04', '0000-00-00 00:00:00', 1, 1),
(63, 'f2e2666a8959c5deaee14f4fe00bb679', 3, 3, '2014-05-03 08:59:04', '0000-00-00 00:00:00', 1, 1),
(64, '24d205478db08d8270bb9967c3d854e8', 1, 1, '2014-05-03 09:00:04', '0000-00-00 00:00:00', 1, 1),
(65, '38e02fbf4505083f8d4184e976362c29', 1, 2, '2014-05-03 09:00:04', '0000-00-00 00:00:00', 1, 1),
(66, '27e6c3d068c65acc9f1047e06a978b37', 1, 3, '2014-05-03 09:00:04', '0000-00-00 00:00:00', 1, 1),
(67, '746207badb536d29172a63e8bfea1657', 2, 1, '2014-05-03 09:00:04', '0000-00-00 00:00:00', 1, 1),
(68, '1cb03f70078cfa73ff21ed057ac89e01', 2, 2, '2014-05-03 09:00:04', '0000-00-00 00:00:00', 1, 1),
(69, '1ab0dc2b29a7da77ce1af304b209aa16', 2, 3, '2014-05-03 09:00:04', '0000-00-00 00:00:00', 1, 1),
(70, 'b947d4b28748057bbc3de5e7aa015bbb', 3, 1, '2014-05-03 09:00:04', '0000-00-00 00:00:00', 1, 1),
(71, '5a35ce9f38766c54bee34f5b6754c1b1', 3, 2, '2014-05-03 09:00:04', '0000-00-00 00:00:00', 1, 1),
(72, 'c9c286acc981661cf3399523a7475fad', 3, 3, '2014-05-03 09:00:04', '0000-00-00 00:00:00', 1, 1),
(73, 'af6c21b2808e8bf4ed01f0f04cccd294', 1, 1, '2014-05-03 09:01:04', '0000-00-00 00:00:00', 1, 1),
(74, '8c49b37abd7e4ad2752160edd9aef364', 1, 2, '2014-05-03 09:01:04', '0000-00-00 00:00:00', 1, 1),
(75, 'b4e2f4bb9dfe25ecb0f6d26773bc37b7', 1, 3, '2014-05-03 09:01:04', '0000-00-00 00:00:00', 1, 1),
(76, 'c92b9adf32e597cbb3407a9cdf39cc3d', 2, 1, '2014-05-03 09:01:04', '0000-00-00 00:00:00', 1, 1),
(77, 'a44abfbea57f4f6e732c2821ed685807', 2, 2, '2014-05-03 09:01:04', '0000-00-00 00:00:00', 1, 1),
(78, '3e6cd6cb1930c9b9aa9814985238ade9', 2, 3, '2014-05-03 09:01:04', '0000-00-00 00:00:00', 1, 1),
(79, '6a23f296e033fa0a3d4a1c7b21edfdbc', 3, 1, '2014-05-03 09:01:04', '0000-00-00 00:00:00', 1, 1),
(80, 'd3b2822f982ab60b32d7b8b9d1b1b786', 3, 2, '2014-05-03 09:01:04', '0000-00-00 00:00:00', 1, 1),
(81, '241eb7af5b38fd841263413506296941', 3, 3, '2014-05-03 09:01:04', '0000-00-00 00:00:00', 1, 1),
(82, '9a6bb3da433473149da2d570a6c06b21', 1, 1, '2014-05-03 09:02:04', '0000-00-00 00:00:00', 1, 1),
(83, '3920599f6efbecc2f62b258cccfbeec6', 1, 2, '2014-05-03 09:02:04', '0000-00-00 00:00:00', 1, 1),
(84, 'fa5ab44a59c9900755ec253ed541ed75', 1, 3, '2014-05-03 09:02:04', '0000-00-00 00:00:00', 1, 1),
(85, 'eae173b8f7f430e20face4f1472f3568', 2, 1, '2014-05-03 09:02:04', '0000-00-00 00:00:00', 1, 1),
(86, '5ae571db193d9d1e77608fc136b57d2b', 2, 2, '2014-05-03 09:02:04', '0000-00-00 00:00:00', 1, 1),
(87, '6954b05fb0b2bb5aeb85211b15b1b553', 2, 3, '2014-05-03 09:02:04', '0000-00-00 00:00:00', 1, 1),
(88, '455704467524809fee5b217bef12aa6e', 3, 1, '2014-05-03 09:02:04', '0000-00-00 00:00:00', 1, 1),
(89, 'e54b6bd448d94dbbad48bd406cd5f802', 3, 2, '2014-05-03 09:02:04', '0000-00-00 00:00:00', 1, 1),
(90, '7f1325b11ad1bc7c83055a1ccc298fc9', 3, 3, '2014-05-03 09:02:04', '0000-00-00 00:00:00', 1, 1),
(91, '2156fd32f1f92cabf09b040d0d9e9a9c', 1, 1, '2014-05-03 09:03:04', '0000-00-00 00:00:00', 1, 1),
(92, 'c27a30f7053aaf94d0868e88f3e6dfda', 1, 2, '2014-05-03 09:03:04', '0000-00-00 00:00:00', 1, 1),
(93, '6a22c4326ec4a4fbdbdc63f720cf0e78', 1, 3, '2014-05-03 09:03:04', '0000-00-00 00:00:00', 1, 1),
(94, '2d5defee3b26add5b1abb92f4bd0f0e3', 2, 1, '2014-05-03 09:03:04', '0000-00-00 00:00:00', 1, 1),
(95, '9fb50d2179d085ac544e16c680d6738d', 2, 2, '2014-05-03 09:03:04', '0000-00-00 00:00:00', 1, 1),
(96, '6f5ce69add0062fab964d49c006f7ab2', 2, 3, '2014-05-03 09:03:04', '0000-00-00 00:00:00', 1, 1),
(97, '86fb053d5a2a3d78feaa5fecb7fe39af', 3, 1, '2014-05-03 09:03:04', '0000-00-00 00:00:00', 1, 1),
(98, '835e2283cedb0d6e661227f87e504bf7', 3, 2, '2014-05-03 09:03:04', '0000-00-00 00:00:00', 1, 1),
(99, 'de09dcc200ab0ede66852787308d912a', 3, 3, '2014-05-03 09:03:04', '0000-00-00 00:00:00', 1, 1),
(100, '497b647c2d192fccaa594e01cc170d25', 1, 1, '2014-05-03 09:04:04', '0000-00-00 00:00:00', 1, 1),
(101, '190aced176e118a7738aa9bb3ca13d4d', 1, 2, '2014-05-03 09:04:04', '0000-00-00 00:00:00', 1, 1),
(102, 'f48e52003a6ab6d029f60129c8b91794', 1, 3, '2014-05-03 09:04:04', '0000-00-00 00:00:00', 1, 1),
(103, 'fc925cd2524872cf77132d22dabeb1ef', 2, 1, '2014-05-03 09:04:04', '0000-00-00 00:00:00', 1, 1),
(104, '124d7ef8964aff68c1de072ee87f52b5', 2, 2, '2014-05-03 09:04:04', '0000-00-00 00:00:00', 1, 1),
(105, 'd2caa5452fce7cf30b45eacf83e6f499', 2, 3, '2014-05-03 09:04:04', '0000-00-00 00:00:00', 1, 1),
(106, '19ab646d7c196295a85d39f51ad04eef', 3, 1, '2014-05-03 09:04:04', '0000-00-00 00:00:00', 1, 1),
(107, '100e0127149c2fb96f5581b106da110d', 3, 2, '2014-05-03 09:04:04', '0000-00-00 00:00:00', 1, 1),
(108, '37777fd25449ac6076262d53d72a927a', 3, 3, '2014-05-03 09:04:04', '0000-00-00 00:00:00', 1, 1),
(109, '36aedfca8e80bd1a391c20bcea222d36', 1, 1, '2014-05-03 09:05:04', '0000-00-00 00:00:00', 1, 1),
(110, 'ca4545c1ca6ad3fa123ba75699a72090', 1, 2, '2014-05-03 09:05:04', '0000-00-00 00:00:00', 1, 1),
(111, 'bf4810a2fb60d365ad5af25580b1c924', 1, 3, '2014-05-03 09:05:04', '0000-00-00 00:00:00', 1, 1),
(112, '320533c9881592b80292a48bfdbba31b', 2, 1, '2014-05-03 09:05:04', '0000-00-00 00:00:00', 1, 1),
(113, '0c63c673b9a2d3f797b35c112f1b5566', 2, 2, '2014-05-03 09:05:04', '0000-00-00 00:00:00', 1, 1),
(114, 'fb64446cbe4796d3b35821546afb12c5', 2, 3, '2014-05-03 09:05:04', '0000-00-00 00:00:00', 1, 1),
(115, '79938fce171f83df64fa303e531f13d9', 3, 1, '2014-05-03 09:05:04', '0000-00-00 00:00:00', 1, 1),
(116, 'e17aaacd800ed77167ad2d5336615a8f', 3, 2, '2014-05-03 09:05:04', '0000-00-00 00:00:00', 1, 1),
(117, 'ddd2c95f26e761aba76c54c87084e5a0', 3, 3, '2014-05-03 09:05:04', '0000-00-00 00:00:00', 1, 1),
(118, '371ee97e2b3bd77f1d13c10df1272f7c', 1, 1, '2014-05-03 09:06:04', '0000-00-00 00:00:00', 1, 1),
(119, 'cad5129c513633347ce3bbfa498a2608', 1, 2, '2014-05-03 09:06:04', '0000-00-00 00:00:00', 1, 1),
(120, '605bcd2f9acc9bcdd3dfe7d5618b2d53', 1, 3, '2014-05-03 09:06:04', '0000-00-00 00:00:00', 1, 1),
(121, 'b2faf56c5d56032cb30400f69d7a2460', 2, 1, '2014-05-03 09:06:04', '0000-00-00 00:00:00', 1, 1),
(122, '9061c068f4ae1afd678ca20115adb821', 2, 2, '2014-05-03 09:06:04', '0000-00-00 00:00:00', 1, 1),
(123, '47f2c9d8e8575808e1400a66841f931d', 2, 3, '2014-05-03 09:06:04', '0000-00-00 00:00:00', 1, 1),
(124, '3b75583e486b18781da8833dc145ebb8', 3, 1, '2014-05-03 09:06:04', '0000-00-00 00:00:00', 1, 1),
(125, 'ff2f5627ea69c3d0a7f032c93047849b', 3, 2, '2014-05-03 09:06:04', '0000-00-00 00:00:00', 1, 1),
(126, '84fdc917863efa67ec36c0fb20eb1c45', 3, 3, '2014-05-03 09:06:04', '0000-00-00 00:00:00', 1, 1),
(127, '7fe854ac0420749997b9cd29cd8a54a2', 1, 1, '2014-05-03 09:07:04', '0000-00-00 00:00:00', 1, 1),
(128, '504d4ea305f7d8785a0effd2c1de5a18', 1, 2, '2014-05-03 09:07:04', '0000-00-00 00:00:00', 1, 1),
(129, '4df4df8962cf52f8b2f3b185cb898413', 1, 3, '2014-05-03 09:07:04', '0000-00-00 00:00:00', 1, 1),
(130, '53e1d2862ff408d424993bdb006f62e3', 2, 1, '2014-05-03 09:07:04', '0000-00-00 00:00:00', 1, 1),
(131, '61db2ba5fd74b2145ce973cd398b8065', 2, 2, '2014-05-03 09:07:04', '0000-00-00 00:00:00', 1, 1),
(132, 'e2a1498f75dce94036208c6392f744c8', 2, 3, '2014-05-03 09:07:04', '0000-00-00 00:00:00', 1, 1),
(133, '79725683deaf1f3dcf466f260568244d', 3, 1, '2014-05-03 09:07:04', '0000-00-00 00:00:00', 1, 1),
(134, '8df634158f88007b99d0920394d816d4', 3, 2, '2014-05-03 09:07:04', '0000-00-00 00:00:00', 1, 1),
(135, '53e4f5c63e7bc88a6401df449fbfce6b', 3, 3, '2014-05-03 09:07:04', '0000-00-00 00:00:00', 1, 1),
(136, '44ca536f4d0dfdc0c49668e5160507e4', 1, 1, '2014-05-03 09:08:04', '0000-00-00 00:00:00', 1, 1),
(137, '9691da0c3b97988c3c1132fe88ba2be6', 1, 2, '2014-05-03 09:08:04', '0000-00-00 00:00:00', 1, 1),
(138, '6881da498a4029e9f6ec2d62b049aa1b', 1, 3, '2014-05-03 09:08:04', '0000-00-00 00:00:00', 1, 1),
(139, 'c10215b05590b2131de7e1078f17ca58', 2, 1, '2014-05-03 09:08:04', '0000-00-00 00:00:00', 1, 1),
(140, '85a16595acb20e63d10de273e70e1b7d', 2, 2, '2014-05-03 09:08:04', '0000-00-00 00:00:00', 1, 1),
(141, 'abeba809f0e236efcca1bd640599bbe8', 2, 3, '2014-05-03 09:08:04', '0000-00-00 00:00:00', 1, 1),
(142, 'c3b8abb519a7a20fc1e789d0794111fd', 3, 1, '2014-05-03 09:08:04', '0000-00-00 00:00:00', 1, 1),
(143, '8ccc05e47a812e88bb8baceea49da9d1', 3, 2, '2014-05-03 09:08:04', '0000-00-00 00:00:00', 1, 1),
(144, '28b4792af4e55c5eb249f2ac2cd06928', 3, 3, '2014-05-03 09:08:04', '0000-00-00 00:00:00', 1, 1),
(145, '700a7f0ddb4cd87ae171aae7d43a5460', 1, 1, '2014-05-03 09:09:04', '0000-00-00 00:00:00', 1, 1),
(146, '8fffa2a9ec4314b84d557a34aaa0e28f', 1, 2, '2014-05-03 09:09:04', '0000-00-00 00:00:00', 1, 1),
(147, '1fb2b619c1c5ff4a272c71286c3c4c5f', 1, 3, '2014-05-03 09:09:04', '0000-00-00 00:00:00', 1, 1),
(148, 'd9b8dd14c9897811c5db940d09fc2ce4', 2, 1, '2014-05-03 09:09:04', '0000-00-00 00:00:00', 1, 1),
(149, '9a7ba7e50438897e16a037d1825873ae', 2, 2, '2014-05-03 09:09:04', '0000-00-00 00:00:00', 1, 1),
(150, '0e2c6fd7b65f664e398689ac76546a6a', 2, 3, '2014-05-03 09:09:04', '0000-00-00 00:00:00', 1, 1),
(151, '25a0297f477ef02d4ec07f3587076bfe', 3, 1, '2014-05-03 09:09:04', '0000-00-00 00:00:00', 1, 1),
(152, 'd435086403e681eaa77bc08c94f9e687', 3, 2, '2014-05-03 09:09:04', '0000-00-00 00:00:00', 1, 1),
(153, '867add2eb05db41cfc10aa1ac492ca1d', 3, 3, '2014-05-03 09:09:04', '0000-00-00 00:00:00', 1, 1),
(154, 'c3e0603afbb9f65efc0f908b0f7ab091', 1, 1, '2014-05-03 09:10:04', '0000-00-00 00:00:00', 1, 1),
(155, '52a4795f6cc81cf1d6c4dc5081c0632e', 1, 2, '2014-05-03 09:10:04', '0000-00-00 00:00:00', 1, 1),
(156, '87466aaf25cdeb6c5d153cfec6183e40', 1, 3, '2014-05-03 09:10:04', '0000-00-00 00:00:00', 1, 1),
(157, '5f3861e40c4d597e25354f8a6d98eb9c', 2, 1, '2014-05-03 09:10:04', '0000-00-00 00:00:00', 1, 1),
(158, '64c095cf2a32e7c8d2073539b09486d6', 2, 2, '2014-05-03 09:10:04', '0000-00-00 00:00:00', 1, 1),
(159, '9042def81926d293468be90caf81918f', 2, 3, '2014-05-03 09:10:04', '0000-00-00 00:00:00', 1, 1),
(160, 'd611b5d85b4961e3d57b815e37bb0148', 3, 1, '2014-05-03 09:10:04', '0000-00-00 00:00:00', 1, 1),
(161, '6badd00fc6b8de8ceef59bb4daeb2678', 3, 2, '2014-05-03 09:10:04', '0000-00-00 00:00:00', 1, 1),
(162, '48fea2ea5c34ad16e4a44022642a1565', 3, 3, '2014-05-03 09:10:04', '0000-00-00 00:00:00', 1, 1),
(163, '63f15cc7dc67e2843aba25c7b04eeab3', 1, 1, '2014-05-03 09:11:04', '0000-00-00 00:00:00', 1, 1),
(164, 'c1133c6942fd3114ef9d81c5f1ce4505', 1, 2, '2014-05-03 09:11:04', '0000-00-00 00:00:00', 1, 1),
(165, '091e2b4a94388727cd11f640f9864758', 1, 3, '2014-05-03 09:11:04', '0000-00-00 00:00:00', 1, 1),
(166, '1df8846b6330bd6359f8f5c4b99b034f', 2, 1, '2014-05-03 09:11:04', '0000-00-00 00:00:00', 1, 1),
(167, '0ba3f755fa8475a90ce72d2bc17f6a02', 2, 2, '2014-05-03 09:11:04', '0000-00-00 00:00:00', 1, 1),
(168, 'be2056c4c5e315211daaee7b9e12d119', 2, 3, '2014-05-03 09:11:04', '0000-00-00 00:00:00', 1, 1),
(169, 'cc4e6f71a12f3176c73cec1e6d72962e', 3, 1, '2014-05-03 09:11:04', '0000-00-00 00:00:00', 1, 1),
(170, '419b321a815af8f64cc674d49a8d538c', 3, 2, '2014-05-03 09:11:04', '0000-00-00 00:00:00', 1, 1),
(171, '7b155f1f7c86a5d0b17576da6f1512bf', 3, 3, '2014-05-03 09:11:04', '0000-00-00 00:00:00', 1, 1),
(172, '2978e780968fdc4faaa4d7104b846d50', 1, 1, '2014-05-03 09:12:04', '0000-00-00 00:00:00', 1, 1),
(173, 'dde5ccdaf4dce5d2f4fa57bdecbf9f90', 1, 2, '2014-05-03 09:12:04', '0000-00-00 00:00:00', 1, 1),
(174, '519f2f57e807e2f9c9755e6a22d426ff', 1, 3, '2014-05-03 09:12:04', '0000-00-00 00:00:00', 1, 1),
(175, 'dfdf89b5c701f00bc9995e63fb3af595', 2, 1, '2014-05-03 09:12:04', '0000-00-00 00:00:00', 1, 1),
(176, '3869b7b3a0a352bf9ec382fd0a262467', 2, 2, '2014-05-03 09:12:04', '0000-00-00 00:00:00', 1, 1),
(177, 'f8c565be08e74f02b9a51377a0e49391', 2, 3, '2014-05-03 09:12:04', '0000-00-00 00:00:00', 1, 1),
(178, '0516ab7f885ee6359eda1e43e8d43ecd', 3, 1, '2014-05-03 09:12:04', '0000-00-00 00:00:00', 1, 1),
(179, 'b01e1ada49b11afdfe72cdd9d71ecbd9', 3, 2, '2014-05-03 09:12:04', '0000-00-00 00:00:00', 1, 1),
(180, '90018106366c9d44d908ae420c870e88', 3, 3, '2014-05-03 09:12:04', '0000-00-00 00:00:00', 1, 1),
(181, 'f42183d2178a8667604fec46429f08a8', 1, 1, '2014-05-03 09:13:04', '0000-00-00 00:00:00', 1, 1),
(182, 'afb77a16ed83861eb681550856f56349', 1, 2, '2014-05-03 09:13:04', '0000-00-00 00:00:00', 1, 1),
(183, '49831e92490e92556ab840ea4cbb454b', 1, 3, '2014-05-03 09:13:04', '0000-00-00 00:00:00', 1, 1),
(184, '5f1cec6c12709a32b209bce92329508d', 2, 1, '2014-05-03 09:13:04', '0000-00-00 00:00:00', 1, 1),
(185, '6ad8806ba393529c533883de343158ad', 2, 2, '2014-05-03 09:13:04', '0000-00-00 00:00:00', 1, 1),
(186, 'cf8f5075d68e69ac59081a8bcb936847', 2, 3, '2014-05-03 09:13:04', '0000-00-00 00:00:00', 1, 1),
(187, 'afd15be485489be262e20e878eff53f9', 3, 1, '2014-05-03 09:13:04', '0000-00-00 00:00:00', 1, 1),
(188, '034bf76f5c237ed3c7e2dc4c2c13d6b4', 3, 2, '2014-05-03 09:13:04', '0000-00-00 00:00:00', 1, 1),
(189, '2aaea298f078d53608d47c5a83fe24e3', 3, 3, '2014-05-03 09:13:04', '0000-00-00 00:00:00', 1, 1),
(190, '17f76fd0a49dff98b42d62b76cb6946c', 1, 1, '2014-05-03 09:14:04', '0000-00-00 00:00:00', -10, -10),
(191, 'e8fe3b9537fcb9cc5fe0bb07873b3756', 1, 1, '2014-05-03 09:41:15', '0000-00-00 00:00:00', 1, 0),
(192, '9f0f4e7fb2252ddf3fb5e536b52835c3', 1, 2, '2014-05-03 09:41:15', '0000-00-00 00:00:00', 1, 1),
(193, '3ad3650f96b97682125df197e4846937', 1, 3, '2014-05-03 09:41:15', '0000-00-00 00:00:00', 1, 1),
(194, '57688c3030de84a0425c1c33322b1816', 2, 1, '2014-05-03 09:41:15', '0000-00-00 00:00:00', 1, 1),
(195, 'ed0c7a68bac4c380bad061df2c10a418', 2, 2, '2014-05-03 09:41:15', '0000-00-00 00:00:00', 1, 1),
(196, 'aadaf8c2c3e622472bcfc31cf63f7b71', 2, 3, '2014-05-03 09:41:15', '0000-00-00 00:00:00', 1, 1),
(197, '0ae3eaee77050b4efd17fd413ae7dcc3', 3, 1, '2014-05-03 09:41:15', '0000-00-00 00:00:00', 1, 1),
(198, '4b5a6ff625aac844f481246c7a74b639', 3, 2, '2014-05-03 09:41:15', '0000-00-00 00:00:00', 1, 1),
(199, 'c26dc158c2c6c2fea052233ea834cf44', 3, 3, '2014-05-03 09:41:15', '0000-00-00 00:00:00', 1, 1),
(200, '80b5b5251fc8721093a4cdb4b4a2bb5a', 1, 1, '2014-05-03 09:42:15', '0000-00-00 00:00:00', 1, 1),
(201, 'b2b6bfc6e1d9caf84a02920b602ca1cb', 1, 2, '2014-05-03 09:42:15', '0000-00-00 00:00:00', 1, 1),
(202, '2321f29be04738d8f6d92727020bbb15', 1, 3, '2014-05-03 09:42:15', '0000-00-00 00:00:00', 1, 1),
(203, 'b0daddde18228611a54811dd62832e22', 2, 1, '2014-05-03 09:42:15', '0000-00-00 00:00:00', 1, 1),
(204, '06687bb2f6dcb4682f2348b29e8d4692', 2, 2, '2014-05-03 09:42:15', '0000-00-00 00:00:00', 1, 1),
(205, '13ab1179e07ebfa53d60eb665e4fff91', 2, 3, '2014-05-03 09:42:15', '0000-00-00 00:00:00', 1, 1),
(206, '5f8a74c3ab80c2f4b2da4e3c7a700ba4', 3, 1, '2014-05-03 09:42:15', '0000-00-00 00:00:00', 1, 1),
(207, '9c02a85224784b24f048083912b782f8', 3, 2, '2014-05-03 09:42:15', '0000-00-00 00:00:00', 1, 1),
(208, '860a5415a3f33f148bb0e8a58b1db0d2', 3, 3, '2014-05-03 09:42:15', '0000-00-00 00:00:00', 1, 1),
(209, 'ddb782c6dad4a92da7e01a09cd0296bb', 1, 1, '2014-05-03 09:43:15', '0000-00-00 00:00:00', 1, 1),
(210, 'e36d9b2f098b9a333478857958f5ca13', 1, 2, '2014-05-03 09:43:15', '0000-00-00 00:00:00', 1, 1),
(211, '22ae30342fc22b74b4f71d189eecb449', 1, 3, '2014-05-03 09:43:15', '0000-00-00 00:00:00', 1, 1),
(212, 'cc96b59d85aa7762fec6b454cfc0a223', 2, 1, '2014-05-03 09:43:15', '0000-00-00 00:00:00', 1, 1),
(213, '52ba86eadefb8e9abae400e4e8b52224', 2, 2, '2014-05-03 09:43:15', '0000-00-00 00:00:00', 1, 1),
(214, 'd37881ff7c9db5b84b4bf056d940422e', 2, 3, '2014-05-03 09:43:15', '0000-00-00 00:00:00', 1, 1),
(215, '46d45a847c85b77f2bade100f61577b8', 3, 1, '2014-05-03 09:43:15', '0000-00-00 00:00:00', 1, 1),
(216, 'bc851914a97866db4041695b0f621f94', 3, 2, '2014-05-03 09:43:15', '0000-00-00 00:00:00', 1, 1),
(217, '004ed086ebe1cbf9849b0689f1207e96', 3, 3, '2014-05-03 09:43:15', '0000-00-00 00:00:00', 1, 1),
(218, '002459fcd1d8d7a6517835e44a8d267a', 1, 1, '2014-05-03 09:44:15', '0000-00-00 00:00:00', 1, 1),
(219, '48691bcfa95914ebbd1690682bfa8539', 1, 2, '2014-05-03 09:44:15', '0000-00-00 00:00:00', 1, 1),
(220, '94128c0d717c8e594ecfce9ec9e6532f', 1, 3, '2014-05-03 09:44:15', '0000-00-00 00:00:00', 1, 1),
(221, 'e9cc62113a60646e843ffdce4ec1c531', 2, 1, '2014-05-03 09:44:15', '0000-00-00 00:00:00', 1, 1),
(222, '71c7b9c5af7ccb8c657cc39680bf591c', 2, 2, '2014-05-03 09:44:15', '0000-00-00 00:00:00', 1, 1),
(223, 'a59104f535c3f932d010d2bb0f5e7e30', 2, 3, '2014-05-03 09:44:15', '0000-00-00 00:00:00', 1, 1),
(224, 'edcbc790f36e040dbc04120be5d71b6d', 3, 1, '2014-05-03 09:44:15', '0000-00-00 00:00:00', 1, 1),
(225, '4ff32e813eb4537b3161a0c87389276b', 3, 2, '2014-05-03 09:44:15', '0000-00-00 00:00:00', 1, 1),
(226, 'f73e39b4f25ecbaf4ef6793923031afd', 3, 3, '2014-05-03 09:44:15', '0000-00-00 00:00:00', 1, 1),
(227, '8d534bb3322ff056b97028cbf9788d71', 1, 1, '2014-05-03 09:45:15', '0000-00-00 00:00:00', 1, 1),
(228, 'd44cc106fa7af6465db3985e72c6dc03', 1, 2, '2014-05-03 09:45:15', '0000-00-00 00:00:00', 1, 1),
(229, '2e300f51865a81c0de57373130237b4a', 1, 3, '2014-05-03 09:45:15', '0000-00-00 00:00:00', 1, 1),
(230, '4da56d48f07b34444a5ff8c43a800437', 2, 1, '2014-05-03 09:45:15', '0000-00-00 00:00:00', 1, 1),
(231, '3e07f82cb30c3de955ef32a5dff3756d', 2, 2, '2014-05-03 09:45:15', '0000-00-00 00:00:00', 1, 1),
(232, '5c60f348a762fa1fc580a727827939cd', 2, 3, '2014-05-03 09:45:15', '0000-00-00 00:00:00', 1, 1),
(233, 'be07a16188cb33ae65e9e9f5cd0f7925', 3, 1, '2014-05-03 09:45:15', '0000-00-00 00:00:00', 1, 1),
(234, '8b76e0c0026741e9004360db016c3875', 3, 2, '2014-05-03 09:45:15', '0000-00-00 00:00:00', 1, 1),
(235, '1d0e41bc979358f2ae12223c71efdefe', 3, 3, '2014-05-03 09:45:15', '0000-00-00 00:00:00', 1, 1),
(236, '5874baa95d7cf42655f8a74ee1aef278', 1, 1, '2014-05-03 09:46:15', '0000-00-00 00:00:00', 1, 1),
(237, '9ca73b95a70c8a0b5e82c2a4b406b030', 1, 2, '2014-05-03 09:46:15', '0000-00-00 00:00:00', 1, 1),
(238, '0169f8e52653a0e5fcd9d0ee7ce25549', 1, 3, '2014-05-03 09:46:15', '0000-00-00 00:00:00', 1, 1),
(239, 'fe82e09e19bcba9a36b99197d0bead44', 2, 1, '2014-05-03 09:46:15', '0000-00-00 00:00:00', 1, 1),
(240, '7e779b776779018813000c801c419eb2', 2, 2, '2014-05-03 09:46:15', '0000-00-00 00:00:00', 1, 1),
(241, '515feaf8b6e0d0aea642902315869a8b', 2, 3, '2014-05-03 09:46:15', '0000-00-00 00:00:00', 1, 1),
(242, '43c81bfb06e1b5d304bac0c9b02236d5', 3, 1, '2014-05-03 09:46:15', '0000-00-00 00:00:00', 1, 1),
(243, 'b230ffada184634f0a953ded40054f99', 3, 2, '2014-05-03 09:46:15', '0000-00-00 00:00:00', 1, 1),
(244, 'bd02866332f8dbc2527319a5ceb9568e', 3, 3, '2014-05-03 09:46:15', '0000-00-00 00:00:00', 1, 1),
(245, '49b2ae677584643fd65ae5ed69d838d8', 1, 1, '2014-05-03 09:47:15', '0000-00-00 00:00:00', 1, 1),
(246, '64d705f780b49c8bc53e02b71c7c185d', 1, 2, '2014-05-03 09:47:15', '0000-00-00 00:00:00', 1, 1),
(247, '0e34d708dbd98500b6bb170630e9c419', 1, 3, '2014-05-03 09:47:15', '0000-00-00 00:00:00', 0, 0),
(248, '891f6089d85a9a05128f9aac6f81e80c', 2, 1, '2014-05-03 09:47:15', '0000-00-00 00:00:00', 1, 1),
(249, 'ebe7212744c9ad7486aab12a843c73a6', 2, 2, '2014-05-03 09:47:15', '0000-00-00 00:00:00', 1, 1),
(250, '127d1990f5f71de5f33ce17b9922d7e3', 2, 3, '2014-05-03 09:47:15', '0000-00-00 00:00:00', 0, 0),
(251, '4cb658e2faacdc27d698b18b047d1b74', 3, 1, '2014-05-03 09:47:15', '0000-00-00 00:00:00', 1, 1),
(252, 'f033647384bb19929d7b82971e4e0eb4', 3, 2, '2014-05-03 09:47:15', '0000-00-00 00:00:00', 1, 1),
(253, '9bfb3b5ebf36411bd9a2b68c21039537', 3, 3, '2014-05-03 09:47:15', '0000-00-00 00:00:00', 1, 1),
(254, 'bc8efc2c65078ac2dc261cb8fe44397a', 1, 1, '2014-05-03 09:48:15', '0000-00-00 00:00:00', 1, 1),
(255, '756021601586f00d85691d4d99ba7c38', 1, 2, '2014-05-03 09:48:15', '0000-00-00 00:00:00', 1, 1),
(256, '8f632bb0c4ca67abcf017b3e4f910e01', 1, 3, '2014-05-03 09:48:15', '0000-00-00 00:00:00', 1, 0),
(257, '44b9960037e600408b6ab6813c7d387c', 2, 1, '2014-05-03 09:48:15', '0000-00-00 00:00:00', 1, 1),
(258, '6589d42e1f7b747977ff48a4f9467361', 2, 2, '2014-05-03 09:48:15', '0000-00-00 00:00:00', 1, 1),
(259, '4950ac86761f705a445a032e0a0bff4f', 2, 3, '2014-05-03 09:48:15', '0000-00-00 00:00:00', 1, 0),
(260, 'a4fd8e15910088faf76e743298aff2d2', 3, 1, '2014-05-03 09:48:15', '0000-00-00 00:00:00', 1, 1),
(261, 'de2aebf686292a7c1190b9b79eee19fd', 3, 2, '2014-05-03 09:48:15', '0000-00-00 00:00:00', 1, 1),
(262, '1e8892ff2da47b534522f274c5ddd699', 3, 3, '2014-05-03 09:48:15', '0000-00-00 00:00:00', 1, 1),
(263, 'e99b383ecc946273fed7a464816a949c', 1, 1, '2014-05-03 09:49:15', '0000-00-00 00:00:00', 1, 1),
(264, '3a30c02ffb950275b77c331d04c64b11', 1, 2, '2014-05-03 09:49:15', '0000-00-00 00:00:00', 1, 1),
(265, 'ef741342535d8ccdc93f12304304b131', 1, 3, '2014-05-03 09:49:15', '0000-00-00 00:00:00', 1, 1),
(266, '4febe502b3b3762d4dfaa72aa200ccaa', 2, 1, '2014-05-03 09:49:15', '0000-00-00 00:00:00', 1, 1),
(267, '38b6ccd4b4efcac6a8de5e2027bba269', 2, 2, '2014-05-03 09:49:15', '0000-00-00 00:00:00', 1, 1),
(268, '6b581c638154edc067f03f3b44355570', 2, 3, '2014-05-03 09:49:15', '0000-00-00 00:00:00', 1, 1),
(269, 'f93e553f0c028ba3c204e63ee56c6a78', 3, 1, '2014-05-03 09:49:15', '0000-00-00 00:00:00', 1, 1),
(270, '7f5b5150313fe68a06786580211798c4', 3, 2, '2014-05-03 09:49:15', '0000-00-00 00:00:00', 1, 1),
(271, '60f61bf5a02dbaf8cab56a50a6871955', 3, 3, '2014-05-03 09:49:15', '0000-00-00 00:00:00', 1, 1),
(272, '7cb05509f79d2eab532a223e0f7405f7', 1, 1, '2014-05-03 09:50:15', '0000-00-00 00:00:00', 1, 1),
(273, '3908f69b005b91934a46b8655c779cd0', 1, 2, '2014-05-03 09:50:15', '0000-00-00 00:00:00', -10, -10),
(274, 'cfc91c6980a5118cee7cda3fd31b7746', 1, 3, '2014-05-03 09:50:15', '0000-00-00 00:00:00', -10, -10),
(275, 'e26d0920e7584a4034fff7832d1ab293', 2, 1, '2014-05-03 09:50:15', '0000-00-00 00:00:00', -10, -10),
(276, '4406f82f1c8257e22708b099def52d7b', 2, 2, '2014-05-03 09:50:15', '0000-00-00 00:00:00', -10, -10),
(277, 'c58abe8f8ae0d89054c427fe80f9597e', 2, 3, '2014-05-03 09:50:15', '0000-00-00 00:00:00', -10, -10),
(278, '664f82b986514532da1d2217e13b239d', 3, 1, '2014-05-03 09:50:15', '0000-00-00 00:00:00', -10, -10),
(279, '880c5d0dd530dc2f2d956a0fc41b527a', 3, 2, '2014-05-03 09:50:15', '0000-00-00 00:00:00', -10, -10),
(280, 'a3f22ef968ec4abb15da6d9a9ef912f0', 3, 3, '2014-05-03 09:50:15', '0000-00-00 00:00:00', -10, -10),
(281, '2c8359e259baba2c4459612e556c87ee', 1, 1, '2014-05-03 10:22:57', '0000-00-00 00:00:00', 1, 0),
(282, 'a794897c98222f1b1baa236801738403', 1, 2, '2014-05-03 10:22:57', '0000-00-00 00:00:00', 0, 0),
(283, '212928b77d40b5116b897279ada47b4a', 1, 3, '2014-05-03 10:22:57', '0000-00-00 00:00:00', 0, 0),
(284, 'a2a13651fae1b636fe09f02ae31012c7', 2, 1, '2014-05-03 10:22:57', '0000-00-00 00:00:00', 1, 0),
(285, '2e3061acfb3071d32ec384757f2c3bc0', 2, 2, '2014-05-03 10:22:57', '0000-00-00 00:00:00', 0, 0),
(286, 'e286c2314da0b2a158f9b8665a7e4376', 2, 3, '2014-05-03 10:22:57', '0000-00-00 00:00:00', 0, 0),
(287, 'd0400fa28cc81bdcb96fd453d50b6e99', 3, 1, '2014-05-03 10:22:57', '0000-00-00 00:00:00', 1, 0),
(288, '94f25fcb052234161b854bd294755639', 3, 2, '2014-05-03 10:22:57', '0000-00-00 00:00:00', 0, 0),
(289, 'd66aac50e89f5f9e1da4e94161d1b553', 3, 3, '2014-05-03 10:22:57', '0000-00-00 00:00:00', 0, 0),
(290, '673ea0acf80432b6dc62e3f0c3d12c8b', 1, 1, '2014-05-03 10:23:57', '0000-00-00 00:00:00', 1, 1),
(291, 'e30fbf6bb8cf2e88059e532b69118a4c', 1, 2, '2014-05-03 10:23:57', '0000-00-00 00:00:00', 0, 0),
(292, 'dd82c2eba101d273a0615d214c361a87', 1, 3, '2014-05-03 10:23:57', '0000-00-00 00:00:00', 0, 0),
(293, '069859025d7f0aca1098ab70752cdafb', 2, 1, '2014-05-03 10:23:57', '0000-00-00 00:00:00', 1, 1),
(294, '599cf53176b500a38a1bc0a59937b365', 2, 2, '2014-05-03 10:23:57', '0000-00-00 00:00:00', 0, 0),
(295, '2fda1972ccdfc8edadd620a3621e6ce8', 2, 3, '2014-05-03 10:23:57', '0000-00-00 00:00:00', 0, 0),
(296, 'f47926e60f95ab388fbcf4d26a11a8fd', 3, 1, '2014-05-03 10:23:57', '0000-00-00 00:00:00', 1, 1),
(297, '300356a302047788810012b436bc943a', 3, 2, '2014-05-03 10:23:57', '0000-00-00 00:00:00', 0, 0),
(298, '9ce65b2a97b28e445697a7ede2a70f97', 3, 3, '2014-05-03 10:23:57', '0000-00-00 00:00:00', 0, 0),
(299, '4be62b3772b405d50de27e8a92aad56d', 1, 1, '2014-05-03 10:24:57', '0000-00-00 00:00:00', 1, 1),
(300, '03cc82c594d803a2a83d8fa1c17e7c8f', 1, 2, '2014-05-03 10:24:57', '0000-00-00 00:00:00', 0, 0),
(301, '8425bad3ec92b5a4ba5d6436fb62e1d1', 1, 3, '2014-05-03 10:24:57', '0000-00-00 00:00:00', 0, 0),
(302, '59237c87a45ca8af4ff13e0687ea9f4a', 2, 1, '2014-05-03 10:24:57', '0000-00-00 00:00:00', 1, 1),
(303, '14e45725755ed9c83fd30d9642df6bf9', 2, 2, '2014-05-03 10:24:57', '0000-00-00 00:00:00', 0, 0),
(304, 'de5531c9431bc40d0145de5ab7022f2b', 2, 3, '2014-05-03 10:24:57', '0000-00-00 00:00:00', 0, 0),
(305, '1c2dd2fa1e19341fc0804e860693cc94', 3, 1, '2014-05-03 10:24:57', '0000-00-00 00:00:00', 1, 1),
(306, 'b7288229bc5ef7bbdab2794d1dc78fc0', 3, 2, '2014-05-03 10:24:57', '0000-00-00 00:00:00', 0, 0),
(307, '1bfb802d7ee2aaf6f0b77db9b2c87f0e', 3, 3, '2014-05-03 10:24:57', '0000-00-00 00:00:00', 0, 0),
(308, 'e0722ce22c76d815012fddc8598be447', 1, 1, '2014-05-03 10:25:57', '0000-00-00 00:00:00', 1, 1),
(309, '1f10a4e73349ce46e58d62425cf2f2ff', 1, 2, '2014-05-03 10:25:57', '0000-00-00 00:00:00', 0, 0),
(310, '4f1003c55f779ba8bea8f867840f8ed2', 1, 3, '2014-05-03 10:25:57', '0000-00-00 00:00:00', 0, 0),
(311, 'da9f352ac95a8de3a87df461a903fc18', 2, 1, '2014-05-03 10:25:57', '0000-00-00 00:00:00', 1, 1),
(312, '554286044a7745e25a55d3aeda95e94c', 2, 2, '2014-05-03 10:25:57', '0000-00-00 00:00:00', 0, 0),
(313, 'bd841626a657faf414dd12c0acdac980', 2, 3, '2014-05-03 10:25:57', '0000-00-00 00:00:00', 0, 0),
(314, 'd039b55f24531cd3628589e2909f9f7b', 3, 1, '2014-05-03 10:25:57', '0000-00-00 00:00:00', 1, 1),
(315, '4f0b63b636dd0ca5e06443c912a5e917', 3, 2, '2014-05-03 10:25:57', '0000-00-00 00:00:00', 0, 0),
(316, 'cf298bd8e744dc21059b71e7054469ea', 3, 3, '2014-05-03 10:25:57', '0000-00-00 00:00:00', 0, 0),
(317, 'ec6764f9c9c6c41044f473f24830cfaa', 1, 1, '2014-05-03 10:26:57', '0000-00-00 00:00:00', 1, 1),
(318, '4735c3bf40dbdd7a2227dc1a72e19c4c', 1, 2, '2014-05-03 10:26:57', '0000-00-00 00:00:00', 0, 0),
(319, '4fd55d0e6b523de5aeb2f21919084853', 1, 3, '2014-05-03 10:26:57', '0000-00-00 00:00:00', 0, 0),
(320, 'bd618109750ca8ea0eae74b5f779aa07', 2, 1, '2014-05-03 10:26:57', '0000-00-00 00:00:00', 1, 1),
(321, '4ef66d0d3f5d6293f562c884626f223a', 2, 2, '2014-05-03 10:26:57', '0000-00-00 00:00:00', 0, 0),
(322, '60fff64e5699cd50d692909f07cb89f5', 2, 3, '2014-05-03 10:26:57', '0000-00-00 00:00:00', 0, 0),
(323, '38baab709bf20092e20d37b9c78c9187', 3, 1, '2014-05-03 10:26:57', '0000-00-00 00:00:00', 1, 1),
(324, '461445508eba5981de970f60924767fe', 3, 2, '2014-05-03 10:26:57', '0000-00-00 00:00:00', 0, 0),
(325, '777a58014277fc86b4368b5a04b5db66', 3, 3, '2014-05-03 10:26:57', '0000-00-00 00:00:00', 0, 0),
(326, 'f4959f77f7eef758128222888dfdc698', 1, 1, '2014-05-03 10:27:57', '0000-00-00 00:00:00', 1, 1),
(327, '87205a4ba71ac1e92bb35e533e1a1ca3', 1, 2, '2014-05-03 10:27:57', '0000-00-00 00:00:00', 0, 0),
(328, 'b250a1cbd2418e18d7ae8280d75be53e', 1, 3, '2014-05-03 10:27:57', '0000-00-00 00:00:00', 0, 0),
(329, '77652a4bcab458b46d9af5722ed5360e', 2, 1, '2014-05-03 10:27:57', '0000-00-00 00:00:00', 1, 1),
(330, '7c63bdee61b9d327070ef31f869c4d79', 2, 2, '2014-05-03 10:27:57', '0000-00-00 00:00:00', 0, 0),
(331, '0391ab2d724bd047ec50c660a6ffaa05', 2, 3, '2014-05-03 10:27:57', '0000-00-00 00:00:00', 0, 0),
(332, '64747eb7a3223ed4066537f5369a0b82', 3, 1, '2014-05-03 10:27:57', '0000-00-00 00:00:00', 1, 1),
(333, '9fc72882373b0f61cf4666de26f1bc90', 3, 2, '2014-05-03 10:27:57', '0000-00-00 00:00:00', 0, 0),
(334, '1ae612a1aaba22fe669bc779ff07f569', 3, 3, '2014-05-03 10:27:57', '0000-00-00 00:00:00', 0, 0),
(335, '674d7b6a87ff29bc9482d76f9e50989a', 1, 1, '2014-05-03 10:28:57', '0000-00-00 00:00:00', 1, 1),
(336, '7a2c983d9b936bce08ab6150f3a8d62f', 1, 2, '2014-05-03 10:28:57', '0000-00-00 00:00:00', 0, 0),
(337, 'fdc824e2a346689820193b4d8c18d508', 1, 3, '2014-05-03 10:28:57', '0000-00-00 00:00:00', 0, 0),
(338, '355e00976ab86e4e954aee5a658f57fc', 2, 1, '2014-05-03 10:28:57', '0000-00-00 00:00:00', 1, 1),
(339, 'c982a59285fce97e4d65c5a845568e5d', 2, 2, '2014-05-03 10:28:57', '0000-00-00 00:00:00', 0, 0),
(340, '41c40cd49058e1b23cb3b92df455dd42', 2, 3, '2014-05-03 10:28:57', '0000-00-00 00:00:00', 0, 0),
(341, '464ea7f2dd18730686aa01dfe4fef6b4', 3, 1, '2014-05-03 10:28:57', '0000-00-00 00:00:00', 1, 1),
(342, '736b93dc02e686dbf09e2410f5d5ca21', 3, 2, '2014-05-03 10:28:57', '0000-00-00 00:00:00', 0, 0),
(343, 'e95c61d6d208841b9f8bdd17e0050046', 3, 3, '2014-05-03 10:28:57', '0000-00-00 00:00:00', 0, 0),
(344, 'adbb188f626b78bdcd97f0cd6a7d08bd', 1, 1, '2014-05-03 10:29:57', '0000-00-00 00:00:00', 1, 1),
(345, '223dc0615f3aecc32e0eeee0c6cc1046', 1, 2, '2014-05-03 10:29:57', '0000-00-00 00:00:00', 0, 0),
(346, 'd4400584b76e237d4aaad572a2f0bd75', 1, 3, '2014-05-03 10:29:57', '0000-00-00 00:00:00', 0, 0),
(347, '9c33e510ffc9236b3130378415fae2d2', 2, 1, '2014-05-03 10:29:57', '0000-00-00 00:00:00', 1, 1),
(348, '3c4227e953e348689e801552e4e39cd9', 2, 2, '2014-05-03 10:29:57', '0000-00-00 00:00:00', 0, 0),
(349, '55bb4efcfa7c36e0c0d02f16742b86a6', 2, 3, '2014-05-03 10:29:57', '0000-00-00 00:00:00', 0, 0),
(350, 'e16530cc16b313a36bc665c23563134a', 3, 1, '2014-05-03 10:29:57', '0000-00-00 00:00:00', 1, 1),
(351, '6d072adfd724ec53e4d899860a326dbf', 3, 2, '2014-05-03 10:29:57', '0000-00-00 00:00:00', 0, 0),
(352, '06f75e74fb04141fc5ab0a5efe94b61a', 3, 3, '2014-05-03 10:29:57', '0000-00-00 00:00:00', 0, 0),
(353, '794f560596daf6292d0c88cec4550e9a', 1, 1, '2014-05-03 10:30:57', '0000-00-00 00:00:00', 1, 1),
(354, '6a6178409da063e0c85640d5727c97a1', 1, 2, '2014-05-03 10:30:57', '0000-00-00 00:00:00', 0, 0),
(355, 'f3f6e14bc7e73e663addecf62e573e8b', 1, 3, '2014-05-03 10:30:57', '0000-00-00 00:00:00', 0, 0),
(356, '4a97087c6faa2e22331be5f7375a039c', 2, 1, '2014-05-03 10:30:57', '0000-00-00 00:00:00', 1, 1),
(357, 'a84601ec054fc5b8990ef6fdb2302f6d', 2, 2, '2014-05-03 10:30:57', '0000-00-00 00:00:00', 0, 0),
(358, '8c75726ec945d3a47d28b28bc22557c9', 2, 3, '2014-05-03 10:30:57', '0000-00-00 00:00:00', 0, 0),
(359, '252b92e3db57c904bcd8a426faf14388', 3, 1, '2014-05-03 10:30:57', '0000-00-00 00:00:00', 1, 1),
(360, 'd303c6d0e908a5df3c9ec8a7d7f55418', 3, 2, '2014-05-03 10:30:57', '0000-00-00 00:00:00', 0, 0),
(361, 'b9da13d3e7d295467672e3c4d9f5d653', 3, 3, '2014-05-03 10:30:57', '0000-00-00 00:00:00', 0, 0),
(362, '596f9bdb223334b86129a133187d85ee', 1, 1, '2014-05-03 10:31:57', '0000-00-00 00:00:00', 1, 1),
(363, '3b73c54c366df3d399e4f967443e049c', 1, 2, '2014-05-03 10:31:57', '0000-00-00 00:00:00', 0, 0),
(364, '01d6c7fe74ff249d18e5023e3261e793', 1, 3, '2014-05-03 10:31:57', '0000-00-00 00:00:00', 0, 0),
(365, '5b5c530c6bce5fc5b0c005cca6066768', 2, 1, '2014-05-03 10:31:57', '0000-00-00 00:00:00', 1, 1),
(366, '95e164fc4114c3a05367d2cda61a84e1', 2, 2, '2014-05-03 10:31:57', '0000-00-00 00:00:00', 0, 0),
(367, '50b2bd7b66bb413d2bda3436c4178f6b', 2, 3, '2014-05-03 10:31:57', '0000-00-00 00:00:00', 0, 0),
(368, '2824e1edf89a0e6589f6e2f648090c32', 3, 1, '2014-05-03 10:31:57', '0000-00-00 00:00:00', 1, 1),
(369, '1f05f4b9dd805451634b51f97ff0cbdd', 3, 2, '2014-05-03 10:31:57', '0000-00-00 00:00:00', 0, 0),
(370, '9d6bc01e77e935198b7d1e6805fb1183', 3, 3, '2014-05-03 10:31:57', '0000-00-00 00:00:00', 0, 0),
(371, '32dcac10edadda8d0c4bf08124ffe58e', 1, 1, '2014-05-03 10:32:57', '0000-00-00 00:00:00', 1, 1),
(372, '2310f7faf66c29d2d31ed6b8bee22c13', 1, 2, '2014-05-03 10:32:57', '0000-00-00 00:00:00', 0, 0),
(373, '63e8c4761a5acc4d6a98c4b09f0dafce', 1, 3, '2014-05-03 10:32:57', '0000-00-00 00:00:00', 0, 0),
(374, 'f9166a62bae88d418fd0be96fd863c9f', 2, 1, '2014-05-03 10:32:57', '0000-00-00 00:00:00', 1, 1),
(375, 'fb315e4a06f5e1b90350f3bea5d7044a', 2, 2, '2014-05-03 10:32:57', '0000-00-00 00:00:00', 0, 0),
(376, '3f3e8074126bc8afc8f17dca447717ba', 2, 3, '2014-05-03 10:32:57', '0000-00-00 00:00:00', 1, 0),
(377, '1eacc7ec1d230f36c7670e1192324d75', 3, 1, '2014-05-03 10:32:57', '0000-00-00 00:00:00', 1, 1),
(378, 'fe75f8439da8271757dc8dc85436375f', 3, 2, '2014-05-03 10:32:57', '0000-00-00 00:00:00', 0, 0),
(379, '1227c1de7a8401de9a747827a592d857', 3, 3, '2014-05-03 10:32:57', '0000-00-00 00:00:00', 0, 0),
(380, '4d19480fa79e142f7f12706e1b6cf9c9', 1, 1, '2014-05-03 10:33:57', '0000-00-00 00:00:00', 1, 1),
(381, 'deeb7ed19d883658fe39308eb9644dac', 1, 2, '2014-05-03 10:33:57', '0000-00-00 00:00:00', 0, 0),
(382, '3febbcb6ed2b435c487c9b27b2c21b2d', 1, 3, '2014-05-03 10:33:57', '0000-00-00 00:00:00', 0, 0),
(383, '996b911af8bbd4ade1703b1618deed33', 2, 1, '2014-05-03 10:33:57', '0000-00-00 00:00:00', 1, 1),
(384, '281216449d40fbb77cc83875b07178d4', 2, 2, '2014-05-03 10:33:57', '0000-00-00 00:00:00', 0, 0),
(385, '716fe83f703ae6013ff3edf50b4183d3', 2, 3, '2014-05-03 10:33:57', '0000-00-00 00:00:00', 1, 1),
(386, '01bd60de1b2fe7830576e95d06a1950b', 3, 1, '2014-05-03 10:33:57', '0000-00-00 00:00:00', 1, 1),
(387, 'f2d4cde598a0c1736680011ba2c3c73f', 3, 2, '2014-05-03 10:33:57', '0000-00-00 00:00:00', 0, 0),
(388, '7e10bf0919b0aa4c6a9b4e66872019e3', 3, 3, '2014-05-03 10:33:57', '0000-00-00 00:00:00', 0, 0),
(389, '507236779733075106cf1e68078317fa', 1, 1, '2014-05-03 10:34:57', '0000-00-00 00:00:00', 1, 1),
(390, '2518c20e8f5778814735861ad26e04e0', 1, 2, '2014-05-03 10:34:57', '0000-00-00 00:00:00', 0, 0),
(391, '17852d908cc5557ccf43a10e8a29ff9a', 1, 3, '2014-05-03 10:34:57', '0000-00-00 00:00:00', 0, 0),
(392, 'a98a29f48af586c39cbe38ac9b57a6c6', 2, 1, '2014-05-03 10:34:57', '0000-00-00 00:00:00', 1, 1),
(393, '2dab9188f7b8bbcad33b58fbafee5905', 2, 2, '2014-05-03 10:34:57', '0000-00-00 00:00:00', 0, 0),
(394, 'ecb7a70758c0bd7d9f4a0865161fded8', 2, 3, '2014-05-03 10:34:57', '0000-00-00 00:00:00', 1, 1),
(395, '6e9ae0f0a436edd83901305fa65001bf', 3, 1, '2014-05-03 10:34:57', '0000-00-00 00:00:00', 1, 1),
(396, '69ce9395c920175ae9e61bfda0fd5ef8', 3, 2, '2014-05-03 10:34:57', '0000-00-00 00:00:00', 0, 0),
(397, '5ddf27fe4ffc1b37f0d839537186961d', 3, 3, '2014-05-03 10:34:57', '0000-00-00 00:00:00', 0, 0),
(398, 'ae3ecc019d28116e0333456cc45213f2', 1, 1, '2014-05-03 10:35:57', '0000-00-00 00:00:00', 1, 1),
(399, '2a71080fafe78cbe9b999ebbd4ff58de', 1, 2, '2014-05-03 10:35:57', '0000-00-00 00:00:00', 0, 0),
(400, 'fd18de2058246bdde18861857604eedc', 1, 3, '2014-05-03 10:35:57', '0000-00-00 00:00:00', 0, 0),
(401, '212b7d73b13fd868c8fe180c6d8ed02e', 2, 1, '2014-05-03 10:35:57', '0000-00-00 00:00:00', 1, 1),
(402, '461c261bf6da8a665a3e0deb4d46806b', 2, 2, '2014-05-03 10:35:57', '0000-00-00 00:00:00', 0, 0),
(403, 'e0b32898ac383180710c241b4f618c50', 2, 3, '2014-05-03 10:35:57', '0000-00-00 00:00:00', 0, 0),
(404, '45b33e1e74e0c5e055c6981b89b60ea9', 3, 1, '2014-05-03 10:35:57', '0000-00-00 00:00:00', 1, 1),
(405, '49a085ce0e0dbb83f0a4385b309449f1', 3, 2, '2014-05-03 10:35:57', '0000-00-00 00:00:00', 0, 0),
(406, '58be3113359470ecffe8431ff15de1d9', 3, 3, '2014-05-03 10:35:57', '0000-00-00 00:00:00', 0, 0),
(407, '9f1ef738564288317470f737017494fa', 1, 1, '2014-05-03 10:36:57', '0000-00-00 00:00:00', 1, 0),
(408, 'badd6ce8c63ad6e26084b1f445bdaa47', 1, 2, '2014-05-03 10:36:57', '0000-00-00 00:00:00', 0, 0),
(409, '25be2ac2cc0a4b6e889aad38c3e9d316', 1, 3, '2014-05-03 10:36:57', '0000-00-00 00:00:00', 0, 0),
(410, 'd2c904d91cf3121ee943c6a1592db367', 2, 1, '2014-05-03 10:36:57', '0000-00-00 00:00:00', 1, 1),
(411, 'b5e4d23c2e1df3b08bcc888521788b46', 2, 2, '2014-05-03 10:36:57', '0000-00-00 00:00:00', 0, 0),
(412, '6b7b03a323125dc23ce8b6f964b9c2f7', 2, 3, '2014-05-03 10:36:57', '0000-00-00 00:00:00', 0, 0),
(413, '765cb77014dcc34efd7c483fcaf1ce5e', 3, 1, '2014-05-03 10:36:57', '0000-00-00 00:00:00', 1, 1),
(414, '8880155d7e34f11ba095dc7293d3fca7', 3, 2, '2014-05-03 10:36:57', '0000-00-00 00:00:00', 1, 0),
(415, '7a617fb7fe50fd562d0434c88f17753c', 3, 3, '2014-05-03 10:36:57', '0000-00-00 00:00:00', 0, 0),
(416, '24a861938b5c7ee7ca63bf0e94c9f596', 1, 1, '2014-05-03 10:37:57', '0000-00-00 00:00:00', 1, 0),
(417, 'a493022675104d64323821735446b4c2', 1, 2, '2014-05-03 10:37:57', '0000-00-00 00:00:00', 0, 0),
(418, 'f373f8a44c51fbd43c9c16a9bd6af4ec', 1, 3, '2014-05-03 10:37:57', '0000-00-00 00:00:00', 0, 0),
(419, 'be0f4961dbd5099cebb89d22467f75b8', 2, 1, '2014-05-03 10:37:57', '0000-00-00 00:00:00', 1, 0),
(420, '4a2ab27fb36fb0af40f2edf81cb83ba8', 2, 2, '2014-05-03 10:37:57', '0000-00-00 00:00:00', 0, 0),
(421, 'f0c31d7d355b4da7370289cd257cd736', 2, 3, '2014-05-03 10:37:57', '0000-00-00 00:00:00', 0, 0),
(422, '419ff4f3c93197819f414b0c78558823', 3, 1, '2014-05-03 10:37:57', '0000-00-00 00:00:00', 1, 0),
(423, '67b70e60e613410762770325fa7115c4', 3, 2, '2014-05-03 10:37:57', '0000-00-00 00:00:00', 1, 0),
(424, '844bac72b931ccf25ab9e5e5d2cc08e0', 3, 3, '2014-05-03 10:37:57', '0000-00-00 00:00:00', 0, 0),
(425, '09e327fbb341c1fd3f532b01ba06be42', 1, 1, '2014-05-03 10:38:57', '0000-00-00 00:00:00', 1, 0),
(426, 'b623b32f22eeb65c579888a0ffdc71c9', 1, 2, '2014-05-03 10:38:57', '0000-00-00 00:00:00', 0, 0),
(427, 'cc0124a16b547062ca26ca67c4d56874', 1, 3, '2014-05-03 10:38:57', '0000-00-00 00:00:00', 0, 0),
(428, '5ef31a0d566765157fb226ca20b7365f', 2, 1, '2014-05-03 10:38:57', '0000-00-00 00:00:00', 1, 1),
(429, 'f78d4196ce3dfe1b6edf485160600347', 2, 2, '2014-05-03 10:38:57', '0000-00-00 00:00:00', 0, 0),
(430, '47f37b1a1da4c88f0883917309c7586c', 2, 3, '2014-05-03 10:38:57', '0000-00-00 00:00:00', 0, 0),
(431, 'ae562a3caa1fed5f385fba57baa73acb', 3, 1, '2014-05-03 10:38:57', '0000-00-00 00:00:00', 1, 1),
(432, 'd77880999927b53a110bf51177e1d8b3', 3, 2, '2014-05-03 10:38:57', '0000-00-00 00:00:00', 1, 1),
(433, '1a509d5b560aa726c32d0295e0f8a608', 3, 3, '2014-05-03 10:38:57', '0000-00-00 00:00:00', 1, 0),
(434, '4e1d5bc59c0d4c7488fcc37fb3e5483e', 1, 1, '2014-05-03 10:39:57', '0000-00-00 00:00:00', 1, 0),
(435, '5cc021d60b08c713827ff698d123cb54', 1, 2, '2014-05-03 10:39:57', '0000-00-00 00:00:00', 1, 0),
(436, '9001d9eb960e170f805ed0fc22462a1d', 1, 3, '2014-05-03 10:39:57', '0000-00-00 00:00:00', 1, 0),
(437, '9835ecb52c70863bfbbdde18b6364e9c', 2, 1, '2014-05-03 10:39:57', '0000-00-00 00:00:00', 0, 0),
(438, '0ba71b2380ef3989c4a0c1df47b8b61c', 2, 2, '2014-05-03 10:39:57', '0000-00-00 00:00:00', 0, 0),
(439, 'c1f54847602c8e43f621accbe5bfe27e', 2, 3, '2014-05-03 10:39:57', '0000-00-00 00:00:00', 0, 0),
(440, '6f86964d4fc8c162b7640124b105636e', 3, 1, '2014-05-03 10:39:57', '0000-00-00 00:00:00', 0, 0),
(441, '00c52fa821ddbdf896156ea60a8a93ed', 3, 2, '2014-05-03 10:39:57', '0000-00-00 00:00:00', 0, 0),
(442, 'f133eaeff77e71fc5b9f5f86c296c048', 3, 3, '2014-05-03 10:39:57', '0000-00-00 00:00:00', 1, 1),
(443, '2361ce5b351d06cf003cb2c40a77f11e', 1, 1, '2014-05-03 10:40:57', '0000-00-00 00:00:00', 1, 1),
(444, 'b7ecfe5d5de472e0cfe5ffcd06b401d9', 1, 2, '2014-05-03 10:40:57', '0000-00-00 00:00:00', 1, 1),
(445, 'a038ce423746fef470b1103b5285a9e1', 1, 3, '2014-05-03 10:40:57', '0000-00-00 00:00:00', 1, 1),
(446, '69ce30499777a7a53352e3a7cffe5674', 2, 1, '2014-05-03 10:40:57', '0000-00-00 00:00:00', 0, 0),
(447, '3dc843c1c8cdc01d74fde4a9497ee771', 2, 2, '2014-05-03 10:40:57', '0000-00-00 00:00:00', 0, 0),
(448, 'ea5500b21b5e54752feed0123b6e9829', 2, 3, '2014-05-03 10:40:57', '0000-00-00 00:00:00', 0, 0),
(449, '3a21b8432c61fc4aaa42b42625960fae', 3, 1, '2014-05-03 10:40:57', '0000-00-00 00:00:00', 1, 0),
(450, '1775325b70a6e7b083806bfee591c071', 3, 2, '2014-05-03 10:40:57', '0000-00-00 00:00:00', 0, 0),
(451, '395935b212a1d9f3d713411d5291157d', 3, 3, '2014-05-03 10:40:57', '0000-00-00 00:00:00', 0, 0),
(452, '19d8af96bdb227ba7e07ff991c0d0d4c', 1, 1, '2014-05-03 10:41:57', '0000-00-00 00:00:00', 1, 1),
(453, '98eec477420fb5d5e1dc8c01a1f3c6cb', 1, 2, '2014-05-03 10:41:57', '0000-00-00 00:00:00', 1, 1),
(454, 'df98f23af7e5a8521438b9f1a459707f', 1, 3, '2014-05-03 10:41:57', '0000-00-00 00:00:00', 1, 1),
(455, 'c958205eefa4b5001b246717ef7aafb6', 2, 1, '2014-05-03 10:41:57', '0000-00-00 00:00:00', 1, 0),
(456, '7e3c17ec954bec6aaa82a7dcb3de3270', 2, 2, '2014-05-03 10:41:57', '0000-00-00 00:00:00', 0, 0),
(457, 'c47b37d33b918317ec4ed0ce61876962', 2, 3, '2014-05-03 10:41:57', '0000-00-00 00:00:00', 0, 0),
(458, 'bb9b3c0e3cbe130d566efaf73273a582', 3, 1, '2014-05-03 10:41:57', '0000-00-00 00:00:00', 1, 1),
(459, '95031d45a6245fa2c6e3526b3efd81a6', 3, 2, '2014-05-03 10:41:57', '0000-00-00 00:00:00', 0, 0),
(460, '777f7824204d32125926a6df79a86fbb', 3, 3, '2014-05-03 10:41:57', '0000-00-00 00:00:00', 0, 0),
(461, '530526640693a446870941dedca04a91', 1, 1, '2014-05-03 10:42:57', '0000-00-00 00:00:00', 1, 1),
(462, 'd1fb8600e7fd765c47749265d9709ad1', 1, 2, '2014-05-03 10:42:57', '0000-00-00 00:00:00', 1, 1),
(463, '86e4aecae1d1642d69ec32f6c971e396', 1, 3, '2014-05-03 10:42:57', '0000-00-00 00:00:00', 1, 1),
(464, 'd106644455e93a686725a580f91feb36', 2, 1, '2014-05-03 10:42:58', '0000-00-00 00:00:00', 1, 0),
(465, '4c2c6c07c9eae05eab46ab520a9c51de', 2, 2, '2014-05-03 10:42:58', '0000-00-00 00:00:00', 0, 0),
(466, '582a1c844d195357b9de07351f5f8e31', 2, 3, '2014-05-03 10:42:58', '0000-00-00 00:00:00', 0, 0),
(467, 'aaaeeee7f57b1f52f980ff9ee58265a0', 3, 1, '2014-05-03 10:42:58', '0000-00-00 00:00:00', 1, 1),
(468, '3af746fbd31973a78031a2c94f287194', 3, 2, '2014-05-03 10:42:58', '0000-00-00 00:00:00', 1, 0),
(469, '459f83738aa15ddf3c3269488e86b851', 3, 3, '2014-05-03 10:42:58', '0000-00-00 00:00:00', 1, 0),
(470, '835ce13a316139178ce05e09dedbe108', 1, 1, '2014-05-03 10:43:58', '0000-00-00 00:00:00', 1, 1),
(471, 'e8f0b5598847d607e891c638f6c8096a', 1, 2, '2014-05-03 10:43:58', '0000-00-00 00:00:00', 0, 0),
(472, '02663a8fd545c16b2a2f7b4d694bb0ab', 1, 3, '2014-05-03 10:43:58', '0000-00-00 00:00:00', 0, 0),
(473, 'b0cbe2ac02599a7c10d7f4fee0d32772', 2, 1, '2014-05-03 10:43:58', '0000-00-00 00:00:00', 1, 1),
(474, '06fa8fcb8850cbf35c37233f96486ab4', 2, 2, '2014-05-03 10:43:58', '0000-00-00 00:00:00', 0, 0),
(475, '91a8f1bbd9e1127bdb753ff56bd2a8c4', 2, 3, '2014-05-03 10:43:58', '0000-00-00 00:00:00', 0, 0),
(476, '23c8eaf490ebdad386de1077c998f369', 3, 1, '2014-05-03 10:43:58', '0000-00-00 00:00:00', 1, 1),
(477, '64db4b36be543a34f128f4fb8f04f088', 3, 2, '2014-05-03 10:43:58', '0000-00-00 00:00:00', 1, 1),
(478, '1f05def70419e27920b76f4c9b5770fb', 3, 3, '2014-05-03 10:43:58', '0000-00-00 00:00:00', 1, 1),
(479, 'aecc448cdeaaecb37919fa8bc862c866', 1, 1, '2014-05-03 10:44:58', '0000-00-00 00:00:00', 1, 1),
(480, 'c6fddce60c53bde7f34485619ac760a2', 1, 2, '2014-05-03 10:44:58', '0000-00-00 00:00:00', 1, 0),
(481, 'c33d12b933ad35d0c404278cf0270c58', 1, 3, '2014-05-03 10:44:58', '0000-00-00 00:00:00', 0, 0),
(482, 'a7eaca116b7268321ff3df907f9f1bcd', 2, 1, '2014-05-03 10:44:58', '0000-00-00 00:00:00', 1, 1),
(483, 'c3d0c2831f793676fbe581fe045a265f', 2, 2, '2014-05-03 10:44:58', '0000-00-00 00:00:00', 0, 0),
(484, '6af9e49461604b3ffc23db353057419e', 2, 3, '2014-05-03 10:44:58', '0000-00-00 00:00:00', 0, 0),
(485, 'f50a38d0c0e1cf185ba4dce18f5d007f', 3, 1, '2014-05-03 10:44:58', '0000-00-00 00:00:00', 1, 1),
(486, '58bd74aa262cd521b4c754634a5d875a', 3, 2, '2014-05-03 10:44:58', '0000-00-00 00:00:00', 1, 1),
(487, '4b14cb79d35f0063188ac6574deeec41', 3, 3, '2014-05-03 10:44:58', '0000-00-00 00:00:00', 1, 1),
(488, '9ec5c333d47c79238614b7a0ef3b90dd', 1, 1, '2014-05-03 10:45:58', '0000-00-00 00:00:00', 0, 0),
(489, 'bfeff3198556768086611434d9c7b2bc', 1, 2, '2014-05-03 10:45:58', '0000-00-00 00:00:00', 1, 1),
(490, 'a357174978f094a9439dcfcf7d1383fe', 1, 3, '2014-05-03 10:45:58', '0000-00-00 00:00:00', 1, 0),
(491, 'ae8748c90dcd8a3abcff6217778e2110', 2, 1, '2014-05-03 10:45:58', '0000-00-00 00:00:00', 1, 1),
(492, 'a19d74a3a00c265380e6aa4ecd219b37', 2, 2, '2014-05-03 10:45:58', '0000-00-00 00:00:00', 0, 0),
(493, '878f358a413b19638312e713bdd64539', 2, 3, '2014-05-03 10:45:58', '0000-00-00 00:00:00', 0, 0),
(494, 'e266331aa733d2ea94b56637bc18cb06', 3, 1, '2014-05-03 10:45:58', '0000-00-00 00:00:00', 1, 0),
(495, '119b446a46a4f048b334c0e2be066e96', 3, 2, '2014-05-03 10:45:58', '0000-00-00 00:00:00', 0, 0),
(496, 'dc4d3ff4719de17c073c75eaf01b807e', 3, 3, '2014-05-03 10:45:58', '0000-00-00 00:00:00', 0, 0),
(497, '4c9200c3256709956fa7ba090feea5a0', 1, 1, '2014-05-03 10:46:58', '0000-00-00 00:00:00', 1, 0),
(498, '64ee2c33febc059a980a96c3781a3c12', 1, 2, '2014-05-03 10:46:58', '0000-00-00 00:00:00', 1, 1),
(499, 'b5e3a92452155850a4be4e18da44fd4c', 1, 3, '2014-05-03 10:46:58', '0000-00-00 00:00:00', 1, 1),
(500, '509ae2e3ec7e0b89d027d2f5a0d95ae5', 2, 1, '2014-05-03 10:46:58', '0000-00-00 00:00:00', 1, 1),
(501, '2d8990016cbadbfeda67887859e66583', 2, 2, '2014-05-03 10:46:58', '0000-00-00 00:00:00', 0, 0),
(502, 'ea87a4feab69837d3155766bed487463', 2, 3, '2014-05-03 10:46:58', '0000-00-00 00:00:00', 0, 0),
(503, 'e3db4d6b627e09add5f1167eb58f94cd', 3, 1, '2014-05-03 10:46:58', '0000-00-00 00:00:00', 1, 1),
(504, 'c073617f1e1dda9388131778d04dea63', 3, 2, '2014-05-03 10:46:58', '0000-00-00 00:00:00', 1, 0);
INSERT INTO `flags` (`id`, `flag`, `team_id`, `service_id`, `post_timestamp`, `until_timestamp`, `put_status`, `check_status`) VALUES
(505, '6ec70a8ddad2f501c92fe20ab6688f86', 3, 3, '2014-05-03 10:46:58', '0000-00-00 00:00:00', 0, 0),
(506, '42cd4947e8fa98e32ff2529179cf8adf', 1, 1, '2014-05-03 10:47:58', '0000-00-00 00:00:00', 1, 1),
(507, '2de75aacb755c1c662835d96a6f30a56', 1, 2, '2014-05-03 10:47:58', '0000-00-00 00:00:00', 1, 1),
(508, '1ca52e31ecbfea4f58f71b5e639347fe', 1, 3, '2014-05-03 10:47:58', '0000-00-00 00:00:00', 1, 1),
(509, 'f88c931249ee78c4499660550d4ee527', 2, 1, '2014-05-03 10:47:58', '0000-00-00 00:00:00', 1, 0),
(510, 'a38dafdddc20a14427dfb868c8e6366b', 2, 2, '2014-05-03 10:47:58', '0000-00-00 00:00:00', -10, -10),
(511, '67723feeaa7ea9b909fd758e66c400bb', 2, 3, '2014-05-03 10:47:58', '0000-00-00 00:00:00', 0, 0),
(512, '1de3e7a25ca2f6b370ed8a844ef0d12d', 3, 1, '2014-05-03 10:47:58', '0000-00-00 00:00:00', 1, 1),
(513, '3c9359aa852d5f487f56462f1a5509d9', 3, 2, '2014-05-03 10:47:58', '0000-00-00 00:00:00', 1, 1),
(514, '6d38e8789301619204409cbe2f0ab342', 3, 3, '2014-05-03 10:47:58', '0000-00-00 00:00:00', 1, 0),
(515, '1c84f877c2aa8063fb64703d439826db', 1, 1, '2014-05-03 10:48:58', '0000-00-00 00:00:00', 1, 1),
(516, '79a9d261ccf7d306b253e7c9f07c8f94', 1, 2, '2014-05-03 10:48:58', '0000-00-00 00:00:00', 1, 1),
(517, '8cecb1bcd87ff39c17226e44cb7b807e', 1, 3, '2014-05-03 10:48:58', '0000-00-00 00:00:00', 1, 1),
(518, '77d0f32da749a7ee89e4fe5211d13534', 2, 1, '2014-05-03 10:48:58', '0000-00-00 00:00:00', 1, 1),
(519, 'a907b729e0dd23a8edce88a95a33dc60', 2, 2, '2014-05-03 10:48:58', '0000-00-00 00:00:00', -10, -10),
(520, '712f2ed8bd580c5a06dc0763c83c949b', 2, 3, '2014-05-03 10:48:58', '0000-00-00 00:00:00', 0, 0),
(521, '6e54ae61cf229336c0b5e81957fc1229', 3, 1, '2014-05-03 10:48:58', '0000-00-00 00:00:00', 1, 1),
(522, 'e7c88355173d0bf4b1295b04c694748a', 3, 2, '2014-05-03 10:48:58', '0000-00-00 00:00:00', 1, 1),
(523, '63683a06cf0323aae08c9c67cb4c11ab', 3, 3, '2014-05-03 10:48:58', '0000-00-00 00:00:00', 1, 1),
(524, '2aab6fcca4e6a281e6c187acebccf45d', 1, 1, '2014-05-03 10:49:58', '0000-00-00 00:00:00', 1, 1),
(525, 'dfbb922a49401eb6509a7e5afbc301af', 1, 2, '2014-05-03 10:49:58', '0000-00-00 00:00:00', 1, 1),
(526, '03cc56a8ad1a0b6e2bb791d155aa58e6', 1, 3, '2014-05-03 10:49:58', '0000-00-00 00:00:00', 1, 1),
(527, '476863b377a14011edf0b498b274be07', 2, 1, '2014-05-03 10:49:58', '0000-00-00 00:00:00', 1, 0),
(528, '7a357fbe41fd47b328fd90e49c2ca9fc', 2, 2, '2014-05-03 10:49:58', '0000-00-00 00:00:00', -10, -10),
(529, 'c7ea9b5316b2a9ba46864e51ec610a22', 2, 3, '2014-05-03 10:49:58', '0000-00-00 00:00:00', 0, 0),
(530, '9ce1fece0dcb5c7555e0a127191831c2', 3, 1, '2014-05-03 10:49:58', '0000-00-00 00:00:00', 1, 0),
(531, '8280240b0187f21a44d4ce7b11f82efc', 3, 2, '2014-05-03 10:49:58', '0000-00-00 00:00:00', 1, 1),
(532, 'ea4de225352207d19b8c5c7e2c8dc714', 3, 3, '2014-05-03 10:49:58', '0000-00-00 00:00:00', 1, 1),
(533, '94479ee9de540f2c5dc8dfe9d56f755d', 1, 1, '2014-05-03 10:50:58', '0000-00-00 00:00:00', 1, 1),
(534, 'c20fa6a572f4b6edfdca293667722c53', 1, 2, '2014-05-03 10:50:58', '0000-00-00 00:00:00', 1, 1),
(535, '2e54cea7b5c72917750677358c8f7869', 1, 3, '2014-05-03 10:50:58', '0000-00-00 00:00:00', 1, 1),
(536, '7e5543585a5c4bb0d48b18e3f5b69262', 2, 1, '2014-05-03 10:50:58', '0000-00-00 00:00:00', 1, 1),
(537, 'c675da9baceb1c32397a1499d5abc302', 2, 2, '2014-05-03 10:50:58', '0000-00-00 00:00:00', 0, 0),
(538, '626bfbc3c88bbb8f1d1fbacf30b04af4', 2, 3, '2014-05-03 10:50:58', '0000-00-00 00:00:00', 0, 0),
(539, '0b76fbbcaa3b407523dc2eeb9c58b16d', 3, 1, '2014-05-03 10:50:58', '0000-00-00 00:00:00', 1, 1),
(540, 'e2a62c2caec6f85df6fd91d23087c709', 3, 2, '2014-05-03 10:50:58', '0000-00-00 00:00:00', 1, 1),
(541, 'fb0c0853d157636f096f6436065874fc', 3, 3, '2014-05-03 10:50:58', '0000-00-00 00:00:00', 1, 1),
(542, '50fbcc0dbb67584022c24bf62ad11867', 1, 1, '2014-05-03 10:51:58', '0000-00-00 00:00:00', 1, 1),
(543, 'fe9a6929e644a1dd04fa8bc47e8a60ee', 1, 2, '2014-05-03 10:51:58', '0000-00-00 00:00:00', 1, 1),
(544, 'a722d4383a052299d6f614ac319a4ab9', 1, 3, '2014-05-03 10:51:58', '0000-00-00 00:00:00', 1, 1),
(545, '078f49cefd7b5de0ba5aef2913bdd613', 2, 1, '2014-05-03 10:51:58', '0000-00-00 00:00:00', 1, 0),
(546, '2eefd29e67d2b1e429157cd8b148218f', 2, 2, '2014-05-03 10:51:58', '0000-00-00 00:00:00', 0, 0),
(547, '131319fd6848b1b4c8c30f028507c169', 2, 3, '2014-05-03 10:51:58', '0000-00-00 00:00:00', 0, 0),
(548, '50b7e62ccbb78a1d4e0509ec931f60ca', 3, 1, '2014-05-03 10:51:58', '0000-00-00 00:00:00', 1, 1),
(549, 'e7315efe0d015266f8b594762e03fc0e', 3, 2, '2014-05-03 10:51:58', '0000-00-00 00:00:00', 1, 1),
(550, 'fb7c41e0f2ad0cfdf6b6877a5dd16671', 3, 3, '2014-05-03 10:51:58', '0000-00-00 00:00:00', 1, 1),
(551, '9006d63309731d4212fa5e1e0e42e0dd', 1, 1, '2014-05-03 10:52:58', '0000-00-00 00:00:00', 1, 1),
(552, '8c79a9b0024b7f60840cfa22220c2394', 1, 2, '2014-05-03 10:52:58', '0000-00-00 00:00:00', 1, 1),
(553, '2f90fe3977db46877d7099332393a0d8', 1, 3, '2014-05-03 10:52:58', '0000-00-00 00:00:00', 1, 1),
(554, '2daaa60991c55f6211920d5257a548b5', 2, 1, '2014-05-03 10:52:58', '0000-00-00 00:00:00', 1, 1),
(555, '71eae4d6eec64d9d9b0d75f36ff7a193', 2, 2, '2014-05-03 10:52:58', '0000-00-00 00:00:00', 0, 0),
(556, 'c344849afc64f7d551a69e6054066bfc', 2, 3, '2014-05-03 10:52:58', '0000-00-00 00:00:00', 0, 0),
(557, '9c5b5c4aaaef79b211ce712beeb80a0c', 3, 1, '2014-05-03 10:52:58', '0000-00-00 00:00:00', 1, 1),
(558, 'b06bb62c7373586f034eba5a78a79431', 3, 2, '2014-05-03 10:52:58', '0000-00-00 00:00:00', 1, 1),
(559, '798182b38cec17ac2b870a3238f935cb', 3, 3, '2014-05-03 10:52:58', '0000-00-00 00:00:00', 1, 1),
(560, '286ce2e81b870a5a2395b1d6a8edf193', 1, 1, '2014-05-03 10:53:58', '0000-00-00 00:00:00', 1, 1),
(561, '3b7023358050dbd760009728e7695407', 1, 2, '2014-05-03 10:53:58', '0000-00-00 00:00:00', 1, 1),
(562, '13b11e570af17116ec620f0a98ce18fd', 1, 3, '2014-05-03 10:53:58', '0000-00-00 00:00:00', 1, 1),
(563, 'ddc2fa7bedf410cbc6772ad6a75bede9', 2, 1, '2014-05-03 10:53:58', '0000-00-00 00:00:00', 1, 1),
(564, '58a3842eedd7b724e79458c76f8cd779', 2, 2, '2014-05-03 10:53:58', '0000-00-00 00:00:00', 0, 0),
(565, 'efea3f4a7d363a0d20d527f08217d5dd', 2, 3, '2014-05-03 10:53:58', '0000-00-00 00:00:00', 0, 0),
(566, '20102a6a15c7d8d1eac06496c1cfdf86', 3, 1, '2014-05-03 10:53:58', '0000-00-00 00:00:00', 1, 0),
(567, '0c5418d2e1d5454a595608119cfea946', 3, 2, '2014-05-03 10:53:58', '0000-00-00 00:00:00', 1, 1),
(568, 'e7e1597ae9d5c984b67f01f5231633bf', 3, 3, '2014-05-03 10:53:58', '0000-00-00 00:00:00', 1, 1),
(569, 'c8732b82ccc3ed9007352603bc9254e3', 1, 1, '2014-05-03 10:55:10', '0000-00-00 00:00:00', 1, 1),
(570, '99fc8a77ea78d09c372b404bdb5f9ad7', 1, 2, '2014-05-03 10:55:10', '0000-00-00 00:00:00', 1, 1),
(571, 'dea5abb195f69bbf17db282d28834bea', 1, 3, '2014-05-03 10:55:10', '0000-00-00 00:00:00', 1, 1),
(572, '6bc482e5114d511ca6d647861570cb05', 2, 1, '2014-05-03 10:55:10', '0000-00-00 00:00:00', 1, 0),
(573, 'a1f2884b0e1f6504ba04404fe0a2b402', 2, 2, '2014-05-03 10:55:10', '0000-00-00 00:00:00', 1, 0),
(574, 'be98c4c05319af8a5ca12ebf451ab633', 2, 3, '2014-05-03 10:55:10', '0000-00-00 00:00:00', 0, 0),
(575, '141cd56d22fa570c17286e59477e1564', 3, 1, '2014-05-03 10:55:10', '0000-00-00 00:00:00', 1, 0),
(576, 'e9c8fe911940dadae78a83d5799a5f37', 3, 2, '2014-05-03 10:55:10', '0000-00-00 00:00:00', 0, 0),
(577, '868ede729a723f71a2ef7351e5e58c7f', 3, 3, '2014-05-03 10:55:10', '0000-00-00 00:00:00', 0, 0),
(578, '06905bdc3ca060de1fa739825ea9a666', 1, 1, '2014-05-03 10:56:10', '0000-00-00 00:00:00', 1, 1),
(579, 'de9095cca51cf839401c480050fa8f66', 1, 2, '2014-05-03 10:56:10', '0000-00-00 00:00:00', 1, 1),
(580, '9dccd014b0a133fa1c63a8f64afcfcc0', 1, 3, '2014-05-03 10:56:10', '0000-00-00 00:00:00', 1, 1),
(581, '2fe8b564ece29b6c26b6f66c5fab7964', 2, 1, '2014-05-03 10:56:10', '0000-00-00 00:00:00', 1, 1),
(582, '6131e6164b0b305b137a0ea0d30820f6', 2, 2, '2014-05-03 10:56:10', '0000-00-00 00:00:00', 1, 0),
(583, '9b6276f04612b5904384a151d314e141', 2, 3, '2014-05-03 10:56:10', '0000-00-00 00:00:00', 0, 0),
(584, '2c6cb92c71f79c4daf4c8df28b575cdf', 3, 1, '2014-05-03 10:56:10', '0000-00-00 00:00:00', 1, 1),
(585, 'cbb685d79f00da079853769036e72d9b', 3, 2, '2014-05-03 10:56:10', '0000-00-00 00:00:00', 0, 0),
(586, '9bb91ea78591e59418372e2d5a8831c4', 3, 3, '2014-05-03 10:56:10', '0000-00-00 00:00:00', 0, 0),
(587, '64d96109e2b8185c11a9464f0ba17466', 1, 1, '2014-05-03 10:57:10', '0000-00-00 00:00:00', 1, 1),
(588, '2d461092de8d6ce959399dba6e0611c7', 1, 2, '2014-05-03 10:57:10', '0000-00-00 00:00:00', 1, 1),
(589, '3dc44158c5800ab85ce66c78e18d22cd', 1, 3, '2014-05-03 10:57:10', '0000-00-00 00:00:00', 1, 1),
(590, '89209b5287c0b67de3a0c61315146fd9', 2, 1, '2014-05-03 10:57:10', '0000-00-00 00:00:00', 1, 1),
(591, 'eefe3df79e1ba5a046cbfefb58d2bad8', 2, 2, '2014-05-03 10:57:10', '0000-00-00 00:00:00', 0, 0),
(592, '3e2daef0ca033d53a67bf180dd61bf8f', 2, 3, '2014-05-03 10:57:10', '0000-00-00 00:00:00', 0, 0),
(593, 'd25605dd7cdd91ad86becf913ac948ad', 3, 1, '2014-05-03 10:57:10', '0000-00-00 00:00:00', 1, 1),
(594, 'c2b3a80f3c8a729218035a33c5d2d515', 3, 2, '2014-05-03 10:57:10', '0000-00-00 00:00:00', 0, 0),
(595, 'a2053fa4462e19f5dda84bdeec8338e5', 3, 3, '2014-05-03 10:57:10', '0000-00-00 00:00:00', 0, 0),
(596, '3ecb2fef7aa038329d95e2ed770cb8f5', 1, 1, '2014-05-03 10:58:10', '0000-00-00 00:00:00', 1, 0),
(597, 'd6c0e4d67c7bf75f92cc9fc6badb6a44', 1, 2, '2014-05-03 10:58:10', '0000-00-00 00:00:00', 1, 1),
(598, '490001be9ef2b75b063c0870611528ad', 1, 3, '2014-05-03 10:58:10', '0000-00-00 00:00:00', 1, 1),
(599, '40d4f49c66da81d5bcedbf69fb2e2d55', 2, 1, '2014-05-03 10:58:10', '0000-00-00 00:00:00', 1, 1),
(600, '710df5fbcb7e22c080e6c20908b01c06', 2, 2, '2014-05-03 10:58:10', '0000-00-00 00:00:00', 0, 0),
(601, 'bb60932c57e555b061d98be92f393b6d', 2, 3, '2014-05-03 10:58:10', '0000-00-00 00:00:00', 0, 0),
(602, '6a8b7d5b38fe852e1291281dff5f1a6d', 3, 1, '2014-05-03 10:58:10', '0000-00-00 00:00:00', 1, 1),
(603, '60c95c0ebb04ab4e09dfd2eb1556d221', 3, 2, '2014-05-03 10:58:10', '0000-00-00 00:00:00', 0, 0),
(604, '6a1090081a4056903f0b5ed7fca0df5e', 3, 3, '2014-05-03 10:58:10', '0000-00-00 00:00:00', 0, 0),
(605, 'd01a578b3ff91fdc39dd7593506c055d', 1, 1, '2014-05-03 10:59:10', '0000-00-00 00:00:00', 1, 0),
(606, 'e0dff42b56b4a07dd5ef6196be4e76dd', 1, 2, '2014-05-03 10:59:10', '0000-00-00 00:00:00', 1, 1),
(607, '7468ba8ccc1351461dead5492273c740', 1, 3, '2014-05-03 10:59:10', '0000-00-00 00:00:00', 1, 1),
(608, 'fb6d99ccd43ac465c40cb5d6bff79ed7', 2, 1, '2014-05-03 10:59:10', '0000-00-00 00:00:00', 1, 1),
(609, '1d0c81a96034b3c49cc64e57a3abc7b3', 2, 2, '2014-05-03 10:59:11', '0000-00-00 00:00:00', 0, 0),
(610, 'ac0bb45de5dd0cf0e4bf5bcaa9229985', 2, 3, '2014-05-03 10:59:11', '0000-00-00 00:00:00', 0, 0),
(611, '9b292e043f1de96b93d3e0ecb9371d46', 3, 1, '2014-05-03 10:59:11', '0000-00-00 00:00:00', 1, 1),
(612, '358a3f85fcfc50b97b86af0d96a592fd', 3, 2, '2014-05-03 10:59:11', '0000-00-00 00:00:00', 0, 0),
(613, 'ef0bad60e248de428cb988be28483f43', 3, 3, '2014-05-03 10:59:11', '0000-00-00 00:00:00', 0, 0),
(614, '42b9602d1651666c58e490d913395f0f', 1, 1, '2014-05-03 11:00:11', '0000-00-00 00:00:00', 1, 0),
(615, '8d249f8ddd117b9349087cf7588ac5b8', 1, 2, '2014-05-03 11:00:11', '0000-00-00 00:00:00', 1, 1),
(616, '969109172d88d1a544367bea74c65ec2', 1, 3, '2014-05-03 11:00:11', '0000-00-00 00:00:00', 1, 1),
(617, '9bb6b9596a962f0d9604996e9bf195e4', 2, 1, '2014-05-03 11:00:11', '0000-00-00 00:00:00', 1, 1),
(618, 'a8b795bb502dfd58706271b5c877b6ff', 2, 2, '2014-05-03 11:00:11', '0000-00-00 00:00:00', 1, 0),
(619, 'f251aeb78ce57ad3e110d55dd2f3a914', 2, 3, '2014-05-03 11:00:11', '0000-00-00 00:00:00', 0, 0),
(620, 'ec206e96d1c2f99d02bf2d7e737bfcb7', 3, 1, '2014-05-03 11:00:11', '0000-00-00 00:00:00', 1, 1),
(621, '13657542ad43e7a06cbda1ff8e8bc275', 3, 2, '2014-05-03 11:00:11', '0000-00-00 00:00:00', 0, 0),
(622, 'dfe3cc3864c67e8b092d6dcd6c25f8c4', 3, 3, '2014-05-03 11:00:11', '0000-00-00 00:00:00', 0, 0),
(623, '2a55ab52d6153d722346bf146a882f16', 1, 1, '2014-05-03 11:01:11', '0000-00-00 00:00:00', 1, 0),
(624, 'a86f424d1a3f415f2e131e7d463dfe29', 1, 2, '2014-05-03 11:01:11', '0000-00-00 00:00:00', 1, 1),
(625, '1aa6915a5a63ced96068045bf5033c45', 1, 3, '2014-05-03 11:01:11', '0000-00-00 00:00:00', 1, 1),
(626, '07e6cbfea826f3a2149d85653aaac0c3', 2, 1, '2014-05-03 11:01:11', '0000-00-00 00:00:00', 1, 1),
(627, '07138ab310c165136b7700aa89836611', 2, 2, '2014-05-03 11:01:11', '0000-00-00 00:00:00', 1, 1),
(628, '14702fb2996f1147fe3ea401c7f7ea5b', 2, 3, '2014-05-03 11:01:11', '0000-00-00 00:00:00', 0, 0),
(629, '4abc53c17664452188aa843227148fd2', 3, 1, '2014-05-03 11:01:11', '0000-00-00 00:00:00', 1, 1),
(630, '3f85461e49ce54408e4736d0fcda7698', 3, 2, '2014-05-03 11:01:11', '0000-00-00 00:00:00', 0, 0),
(631, '5f9bfc0a72f68f122b6357d039c61e6f', 3, 3, '2014-05-03 11:01:11', '0000-00-00 00:00:00', 0, 0),
(632, '04b479d4a257000c909d5f9c567210a0', 1, 1, '2014-05-03 11:02:11', '0000-00-00 00:00:00', 1, 0),
(633, 'ae64ce613d9117c70f30c4c4fa79be0c', 1, 2, '2014-05-03 11:02:11', '0000-00-00 00:00:00', 1, 1),
(634, '90e50f567109a407e58c7ed658e7ed09', 1, 3, '2014-05-03 11:02:11', '0000-00-00 00:00:00', 1, 1),
(635, '755336eae5bc92f369862fd151f6da6f', 2, 1, '2014-05-03 11:02:11', '0000-00-00 00:00:00', 1, 1),
(636, '12e8295401b06d224f60cf2479a902ab', 2, 2, '2014-05-03 11:02:11', '0000-00-00 00:00:00', 1, 1),
(637, '73b1d7608c0793b178494134f7154c50', 2, 3, '2014-05-03 11:02:11', '0000-00-00 00:00:00', 0, 0),
(638, '8f31c90a99b7e157fbe978d749a4870d', 3, 1, '2014-05-03 11:02:11', '0000-00-00 00:00:00', 1, 1),
(639, '699c7cac2f41f24accf298301625c793', 3, 2, '2014-05-03 11:02:11', '0000-00-00 00:00:00', 1, 0),
(640, '98632834fa5ab1c0329399f930519a3b', 3, 3, '2014-05-03 11:02:11', '0000-00-00 00:00:00', 0, 0),
(641, '3ce36d1097186d534c700e991b353359', 1, 1, '2014-05-03 11:03:11', '0000-00-00 00:00:00', 1, 0),
(642, 'bc9befdff91776f1633566ad3c4c2efa', 1, 2, '2014-05-03 11:03:11', '0000-00-00 00:00:00', 1, 1),
(643, '2587e4a62aa7d54c59bd6f057cb8cadc', 1, 3, '2014-05-03 11:03:11', '0000-00-00 00:00:00', 1, 1),
(644, 'ae26f87d7dc40c5bc5ca6bee9b8cb95f', 2, 1, '2014-05-03 11:03:11', '0000-00-00 00:00:00', 1, 1),
(645, '31007f0a372a8dc87a0a672b375bd945', 2, 2, '2014-05-03 11:03:11', '0000-00-00 00:00:00', 1, 1),
(646, 'e776b147b8f1ddb341c1faecc1166674', 2, 3, '2014-05-03 11:03:11', '0000-00-00 00:00:00', 0, 0),
(647, '41f9b09cb34b22d359a21cadf40ed2fa', 3, 1, '2014-05-03 11:03:11', '0000-00-00 00:00:00', 1, 1),
(648, '45b219c1a3ca68d055b35d2162ba7b27', 3, 2, '2014-05-03 11:03:11', '0000-00-00 00:00:00', 1, 0),
(649, 'f628f09775374593afaa49e32a419346', 3, 3, '2014-05-03 11:03:11', '0000-00-00 00:00:00', 0, 0),
(650, '8c6bdb1f68978de4e33c01056347e8cd', 1, 1, '2014-05-03 11:04:11', '0000-00-00 00:00:00', 1, 1),
(651, '24cc2a2ea234dd9f87801156d7dd56d2', 1, 2, '2014-05-03 11:04:11', '0000-00-00 00:00:00', 1, 1),
(652, '2a2ed11424dedb1128b50c7861397396', 1, 3, '2014-05-03 11:04:11', '0000-00-00 00:00:00', 1, 1),
(653, '97cfc6b4c85be550f5ed81d93692225e', 2, 1, '2014-05-03 11:04:11', '0000-00-00 00:00:00', 1, 0),
(654, '24e314265b71ca2e1e2a1bd875e179d4', 2, 2, '2014-05-03 11:04:11', '0000-00-00 00:00:00', 1, 1),
(655, 'a57e329b80889c6376012bd3e32b5419', 2, 3, '2014-05-03 11:04:11', '0000-00-00 00:00:00', 1, 0),
(656, '3004166e804e8fbc6be87f0d9d607f7c', 3, 1, '2014-05-03 11:04:11', '0000-00-00 00:00:00', 1, 1),
(657, '92017d5c6a7ba2907523018b49d6d3cf', 3, 2, '2014-05-03 11:04:11', '0000-00-00 00:00:00', 1, 1),
(658, 'b1a0d0bb54c2943c8d0caab31613c585', 3, 3, '2014-05-03 11:04:11', '0000-00-00 00:00:00', 0, 0),
(659, 'e7c541c3740635774a03cce7c55ace21', 1, 1, '2014-05-03 11:05:11', '0000-00-00 00:00:00', 1, 1),
(660, '98cec4bd09a3a17192a9f8e07f4550f4', 1, 2, '2014-05-03 11:05:11', '0000-00-00 00:00:00', 1, 1),
(661, 'fb4c412ebda6b6bbe800a48a3e57a7ec', 1, 3, '2014-05-03 11:05:11', '0000-00-00 00:00:00', 1, 1),
(662, 'a9c3d9bee0f162ab07f4837379e869a4', 2, 1, '2014-05-03 11:05:11', '0000-00-00 00:00:00', 1, 1),
(663, '598015e2cc207d304a716a67b0cfcc26', 2, 2, '2014-05-03 11:05:11', '0000-00-00 00:00:00', 1, 1),
(664, '214da70f5e603962dd765e2afb8eb8f5', 2, 3, '2014-05-03 11:05:11', '0000-00-00 00:00:00', 1, 1),
(665, '3e881ab5bd6468162e16d902a6e07055', 3, 1, '2014-05-03 11:05:11', '0000-00-00 00:00:00', 1, 1),
(666, '297aa26fbc268432da5a4faf6cae5e80', 3, 2, '2014-05-03 11:05:11', '0000-00-00 00:00:00', 1, 1),
(667, '0d606c9235392c959c2ff125eddbfcfa', 3, 3, '2014-05-03 11:05:11', '0000-00-00 00:00:00', 0, 0),
(668, '40438190e37db1b9f5eb374a055f8557', 1, 1, '2014-05-03 11:06:11', '0000-00-00 00:00:00', 1, 1),
(669, '545a78e572bc0419c79fcfc1c1249d35', 1, 2, '2014-05-03 11:06:11', '0000-00-00 00:00:00', 1, 1),
(670, '5c52c28d5938c96d74ddc7d937b00690', 1, 3, '2014-05-03 11:06:11', '0000-00-00 00:00:00', 1, 1),
(671, 'f489acbcf74d843a95c5050bc0b6cc68', 2, 1, '2014-05-03 11:06:11', '0000-00-00 00:00:00', 1, 1),
(672, 'fc4c553d5b2131b4e57264d6d8e07253', 2, 2, '2014-05-03 11:06:11', '0000-00-00 00:00:00', 1, 1),
(673, 'fd6d8d73aaedf5fcc546d1e69b54b61d', 2, 3, '2014-05-03 11:06:11', '0000-00-00 00:00:00', 1, 1),
(674, 'ea062102cbf67ede1a4027c9abe89417', 3, 1, '2014-05-03 11:06:11', '0000-00-00 00:00:00', 1, 1),
(675, '795536170308d58f6d211281e538b2a1', 3, 2, '2014-05-03 11:06:11', '0000-00-00 00:00:00', 1, 1),
(676, '93df98229cb2839dda6c3bf4b9807c96', 3, 3, '2014-05-03 11:06:11', '0000-00-00 00:00:00', 0, 0),
(677, '7eeee42c1db09302e52bbaa0a23a6432', 1, 1, '2014-05-03 11:07:11', '0000-00-00 00:00:00', 1, 1),
(678, '9d6ccaa8222fdeb20b055bc5b703ab28', 1, 2, '2014-05-03 11:07:11', '0000-00-00 00:00:00', 1, 1),
(679, '5e5b32d5d55278f787d5f925f3c4d6da', 1, 3, '2014-05-03 11:07:11', '0000-00-00 00:00:00', 1, 1),
(680, '4beb3e3870f726ed96601a09b7235109', 2, 1, '2014-05-03 11:07:11', '0000-00-00 00:00:00', 1, 1),
(681, '41a50ee794131365e2b95fbcb5bfc9e5', 2, 2, '2014-05-03 11:07:11', '0000-00-00 00:00:00', 1, 1),
(682, 'eb04fe72f291aee19f674bc65f87fa0a', 2, 3, '2014-05-03 11:07:11', '0000-00-00 00:00:00', 1, 1),
(683, '7578d9aa337a879f427d7e13bae823d6', 3, 1, '2014-05-03 11:07:11', '0000-00-00 00:00:00', 1, 1),
(684, 'ae0f0cff23783b441290779ed59c0368', 3, 2, '2014-05-03 11:07:11', '0000-00-00 00:00:00', 1, 1),
(685, 'c9f7c747a346844a57060b31fada1bc7', 3, 3, '2014-05-03 11:07:11', '0000-00-00 00:00:00', 0, 0),
(686, '3fb902929a68b70c98543f26267a8dcb', 1, 1, '2014-05-03 11:08:11', '0000-00-00 00:00:00', 1, 1),
(687, '4e2409f87e318da551bfe759def2a258', 1, 2, '2014-05-03 11:08:11', '0000-00-00 00:00:00', 1, 1),
(688, 'e2f76c2db4a31545f5e1853157bf3f68', 1, 3, '2014-05-03 11:08:11', '0000-00-00 00:00:00', 1, 1),
(689, 'd072ab0c3fb5ce82f13e4adfa9aca1ab', 2, 1, '2014-05-03 11:08:11', '0000-00-00 00:00:00', 1, 1),
(690, 'fc2349bd376126efe0cb397f3dc7bcb2', 2, 2, '2014-05-03 11:08:11', '0000-00-00 00:00:00', 1, 1),
(691, 'b791a26b95b29c287e59a3b72c8b5680', 2, 3, '2014-05-03 11:08:11', '0000-00-00 00:00:00', 1, 1),
(692, '8f2bad7f79ff88478d212c304b4e5bfa', 3, 1, '2014-05-03 11:08:11', '0000-00-00 00:00:00', 1, 1),
(693, '744dc02fe48a2952af318efd71794414', 3, 2, '2014-05-03 11:08:11', '0000-00-00 00:00:00', 1, 1),
(694, '2126e11826401644db530f5c518dffd1', 3, 3, '2014-05-03 11:08:11', '0000-00-00 00:00:00', 0, 0),
(695, '87ee6e81fb7cd9cd33f3ff6bec35a81e', 1, 1, '2014-05-03 11:09:11', '0000-00-00 00:00:00', 1, 1),
(696, '67bc874aa0d9ab60ab24d8171ff48104', 1, 2, '2014-05-03 11:09:11', '0000-00-00 00:00:00', 1, 1),
(697, '478d0ada8bc4fac3fd3f993f4347993b', 1, 3, '2014-05-03 11:09:11', '0000-00-00 00:00:00', 1, 1),
(698, 'd0c5155f93d091af0cd4ed51ed0a8adc', 2, 1, '2014-05-03 11:09:11', '0000-00-00 00:00:00', 1, 1),
(699, '8a0f0aef0d8b99f5345d2a7467d53ce4', 2, 2, '2014-05-03 11:09:11', '0000-00-00 00:00:00', 1, 1),
(700, 'd92ce46e39cd2ef751bc84e0e4af547e', 2, 3, '2014-05-03 11:09:11', '0000-00-00 00:00:00', 1, 1),
(701, '609f2876db9ff061fe9b96e877110f43', 3, 1, '2014-05-03 11:09:11', '0000-00-00 00:00:00', 1, 1),
(702, '391ca3e7abbcce04074dd4abb234aca1', 3, 2, '2014-05-03 11:09:11', '0000-00-00 00:00:00', 1, 1),
(703, 'a824280fa02d428fbd948dc2d76d8568', 3, 3, '2014-05-03 11:09:11', '0000-00-00 00:00:00', 0, 0),
(704, 'c98383b32d5911491bd731138d925dc5', 1, 1, '2014-05-03 11:10:11', '0000-00-00 00:00:00', 1, 1),
(705, '3350c10ede3dc8af5b8ff0baa753bfd5', 1, 2, '2014-05-03 11:10:11', '0000-00-00 00:00:00', 1, 1),
(706, 'ff6094f922dd1f94ff8c7d599dec7ab3', 1, 3, '2014-05-03 11:10:11', '0000-00-00 00:00:00', 1, 1),
(707, '63631b29ae084337b64999368c7e5d4a', 2, 1, '2014-05-03 11:10:11', '0000-00-00 00:00:00', 1, 1),
(708, 'b6c3c075a23db30fc47ce78265dcf42a', 2, 2, '2014-05-03 11:10:11', '0000-00-00 00:00:00', 1, 1),
(709, 'cc09d0bdf2ba241c83cd3d1a18b979ad', 2, 3, '2014-05-03 11:10:11', '0000-00-00 00:00:00', 1, 1),
(710, '22759c5091c35fb22babd995712d7a10', 3, 1, '2014-05-03 11:10:11', '0000-00-00 00:00:00', 1, 1),
(711, '2c9689a72d87b586e8b4da7d35667272', 3, 2, '2014-05-03 11:10:11', '0000-00-00 00:00:00', 1, 1),
(712, '784c84eda4099af7058e9f4b3ab21469', 3, 3, '2014-05-03 11:10:11', '0000-00-00 00:00:00', 0, 0),
(713, '3ad509f914e5f9bed153b4bb5f6c55f8', 1, 1, '2014-05-03 11:11:11', '0000-00-00 00:00:00', 1, 1),
(714, 'f53937b20cd5aedf9af2f835c8ec6fbc', 1, 2, '2014-05-03 11:11:11', '0000-00-00 00:00:00', 1, 1),
(715, '43200af637614ffc93259ddcc90dfe96', 1, 3, '2014-05-03 11:11:11', '0000-00-00 00:00:00', 1, 1),
(716, '0149d4dcee3ab5cc1721e833d540d354', 2, 1, '2014-05-03 11:11:11', '0000-00-00 00:00:00', 1, 1),
(717, '5855a572dd071f26f3433ee7b30a4463', 2, 2, '2014-05-03 11:11:11', '0000-00-00 00:00:00', 1, 1),
(718, '4ce7110446f2386ee452684ceafe45cf', 2, 3, '2014-05-03 11:11:11', '0000-00-00 00:00:00', 1, 1),
(719, '754d0c95f7a23b1aedd110b4a745248f', 3, 1, '2014-05-03 11:11:11', '0000-00-00 00:00:00', 1, 1),
(720, '53dacdbf325be474ebc83e2e5d9dca9d', 3, 2, '2014-05-03 11:11:11', '0000-00-00 00:00:00', 1, 1),
(721, '29040523ccdf9a4cd349198853c16455', 3, 3, '2014-05-03 11:11:11', '0000-00-00 00:00:00', 0, 0),
(722, 'c212e76f7c2e203b7528418fd4bf82a3', 1, 1, '2014-05-03 11:12:11', '0000-00-00 00:00:00', 1, 1),
(723, 'ef620c9114c0fe688a39d951781ef596', 1, 2, '2014-05-03 11:12:11', '0000-00-00 00:00:00', 1, 1),
(724, '2310c5b41d7bfae4b179e9856e0478f5', 1, 3, '2014-05-03 11:12:11', '0000-00-00 00:00:00', 1, 1),
(725, '45c86f411c4f7daed1e714d046cf6256', 2, 1, '2014-05-03 11:12:11', '0000-00-00 00:00:00', 1, 1),
(726, '98de96541afee000c37acb1e022be281', 2, 2, '2014-05-03 11:12:11', '0000-00-00 00:00:00', 1, 1),
(727, 'fbf5396b2528c8c3fa0b20126815816e', 2, 3, '2014-05-03 11:12:11', '0000-00-00 00:00:00', 1, 1),
(728, 'a8d8ba539b24c9ec0f78064e413bd605', 3, 1, '2014-05-03 11:12:11', '0000-00-00 00:00:00', 1, 1),
(729, 'a16773cbde40ba68f8735895185690d6', 3, 2, '2014-05-03 11:12:11', '0000-00-00 00:00:00', 1, 1),
(730, '5b0a5b6113f974cb5c6a145699cc4848', 3, 3, '2014-05-03 11:12:11', '0000-00-00 00:00:00', 0, 0),
(731, '89178968194080ecab9d81801909bd2d', 1, 1, '2014-05-03 11:13:11', '0000-00-00 00:00:00', 1, 1),
(732, '925cde1189d49e2fcbaf9ecbb161614c', 1, 2, '2014-05-03 11:13:11', '0000-00-00 00:00:00', 1, 1),
(733, 'e7b1c7289b04618c666154038a45f365', 1, 3, '2014-05-03 11:13:11', '0000-00-00 00:00:00', 1, 1),
(734, 'd95393438c3439f13c8c0e1a55c97e5b', 2, 1, '2014-05-03 11:13:11', '0000-00-00 00:00:00', 1, 1),
(735, 'a24f721db587d457bb0114957ba9f04e', 2, 2, '2014-05-03 11:13:11', '0000-00-00 00:00:00', 1, 1),
(736, 'de57313c3c0c8116dded967c935e0adc', 2, 3, '2014-05-03 11:13:11', '0000-00-00 00:00:00', 1, 1),
(737, '1939b8aeb1840c3f20839cbeceed9054', 3, 1, '2014-05-03 11:13:11', '0000-00-00 00:00:00', 1, 1),
(738, 'bd24a778fe7103b49ae83d025030c676', 3, 2, '2014-05-03 11:13:11', '0000-00-00 00:00:00', 1, 1),
(739, 'e36968ff5f2d51d34fc8cde358fe64bb', 3, 3, '2014-05-03 11:13:11', '0000-00-00 00:00:00', 0, 0),
(740, '783b058e499d1647eb2ffd801412b671', 1, 1, '2014-05-03 11:14:11', '0000-00-00 00:00:00', 1, 1),
(741, '1fb39659b043414ea79ca14301347654', 1, 2, '2014-05-03 11:14:11', '0000-00-00 00:00:00', 1, 1),
(742, '186b6ef11345bdc9b87655f42a66bea3', 1, 3, '2014-05-03 11:14:11', '0000-00-00 00:00:00', 1, 1),
(743, '4c3bc6eb3dcb14dca168d52b86b83a70', 2, 1, '2014-05-03 11:14:11', '0000-00-00 00:00:00', 1, 1),
(744, '2545789a98191b977a68ddd0c23a65ee', 2, 2, '2014-05-03 11:14:11', '0000-00-00 00:00:00', 1, 1),
(745, '2ab7ebc8eff44d7fdc85f2e6283aad26', 2, 3, '2014-05-03 11:14:11', '0000-00-00 00:00:00', 1, 1),
(746, 'ae4f2486a5f2dda00cc1e8f14fc77c7f', 3, 1, '2014-05-03 11:14:11', '0000-00-00 00:00:00', 1, 1),
(747, '333e17b2cc6ab9293523616cb4e8dd6a', 3, 2, '2014-05-03 11:14:11', '0000-00-00 00:00:00', 1, 1),
(748, '02b6779fdf37799d3d55ee7137628ebb', 3, 3, '2014-05-03 11:14:11', '0000-00-00 00:00:00', 0, 0),
(749, '9c3f54c389c009092026c7739f74812c', 1, 1, '2014-05-03 11:15:11', '0000-00-00 00:00:00', 1, 1),
(750, '2bc13ec9c8f8263acd96bf8486ab6b0d', 1, 2, '2014-05-03 11:15:11', '0000-00-00 00:00:00', 1, 1),
(751, '6aaf6b8f985c8fb7ca17963594c8a259', 1, 3, '2014-05-03 11:15:11', '0000-00-00 00:00:00', 1, 1),
(752, '15910682999fc244e631665009975d08', 2, 1, '2014-05-03 11:15:11', '0000-00-00 00:00:00', 1, 1),
(753, '8957bf4496e64a0c459e3a009807fb99', 2, 2, '2014-05-03 11:15:11', '0000-00-00 00:00:00', 1, 1),
(754, '13e67173996e664b09a6d05e47641e5b', 2, 3, '2014-05-03 11:15:11', '0000-00-00 00:00:00', 1, 1),
(755, '6b041403cf64fcfe6fe271d4ac26fce8', 3, 1, '2014-05-03 11:15:11', '0000-00-00 00:00:00', 1, 1),
(756, 'c4f56a17af859c67c8a6fd591c968601', 3, 2, '2014-05-03 11:15:11', '0000-00-00 00:00:00', 1, 1),
(757, '5468cb04b0d543f2934f78caa8b57874', 3, 3, '2014-05-03 11:15:11', '0000-00-00 00:00:00', 0, 0),
(758, 'dff5ec0c2adcd702197f435fbd5c73c5', 1, 1, '2014-05-03 11:16:11', '0000-00-00 00:00:00', 1, 1),
(759, 'da4f5610708ebf1f5460c20e7737544c', 1, 2, '2014-05-03 11:16:11', '0000-00-00 00:00:00', 1, 1),
(760, '32a11a5b08544f7d72bd41f04e3a9f4e', 1, 3, '2014-05-03 11:16:11', '0000-00-00 00:00:00', 1, 1),
(761, 'fd256da62561e8eebdff9e99c243608b', 2, 1, '2014-05-03 11:16:11', '0000-00-00 00:00:00', 1, 1),
(762, '0e3c4ae50e94c963d29ad59b2f6658ad', 2, 2, '2014-05-03 11:16:11', '0000-00-00 00:00:00', 1, 1),
(763, 'b047c4a8b22351a64109dbff1714d13a', 2, 3, '2014-05-03 11:16:11', '0000-00-00 00:00:00', 1, 1),
(764, 'b7189d5b5109474a04f48051c7f8ac82', 3, 1, '2014-05-03 11:16:11', '0000-00-00 00:00:00', 0, 0),
(765, 'e08e46ece1a243c16c0a2994fcb833b5', 3, 2, '2014-05-03 11:16:11', '0000-00-00 00:00:00', 1, 1),
(766, 'ac7043f40942afb71d5144102d909734', 3, 3, '2014-05-03 11:16:11', '0000-00-00 00:00:00', 0, 0),
(767, '014e0177d4f6f3d0a7ee3b243bba6cda', 1, 1, '2014-05-03 11:17:11', '0000-00-00 00:00:00', 1, 1),
(768, '6cdf78294ad914ecb388d7163667ad2c', 1, 2, '2014-05-03 11:17:11', '0000-00-00 00:00:00', 1, 1),
(769, 'b3723f17fa5e9a8904cf791aec1d4507', 1, 3, '2014-05-03 11:17:11', '0000-00-00 00:00:00', 1, 1),
(770, 'dca9ed48375d6e339d2d21b7fe952314', 2, 1, '2014-05-03 11:17:11', '0000-00-00 00:00:00', 1, 1),
(771, 'fbeaf0c6364fcda39a51004c97db7040', 2, 2, '2014-05-03 11:17:11', '0000-00-00 00:00:00', 1, 1),
(772, 'fb5509abc4502a1217afa07e04b1fa01', 2, 3, '2014-05-03 11:17:11', '0000-00-00 00:00:00', 1, 1),
(773, 'b32420b114ad448331fe5f69570bb314', 3, 1, '2014-05-03 11:17:11', '0000-00-00 00:00:00', 0, 0),
(774, '6d27a092082d634f7105a27c190075a2', 3, 2, '2014-05-03 11:17:11', '0000-00-00 00:00:00', 1, 1),
(775, 'b78415f267b47a744bf98f8bf603e9b3', 3, 3, '2014-05-03 11:17:11', '0000-00-00 00:00:00', 0, 0),
(776, '1f259f3c8bb922bfc4b3e4ec07cb9f43', 1, 1, '2014-05-03 11:18:11', '0000-00-00 00:00:00', 1, 1),
(777, '2e3c39f4c1a882792ccc912b04d8261e', 1, 2, '2014-05-03 11:18:11', '0000-00-00 00:00:00', 1, 1),
(778, '057051a1ae53b72892944805142390fc', 1, 3, '2014-05-03 11:18:11', '0000-00-00 00:00:00', 1, 1),
(779, '83c73b3b229d7c7068377dd1232fb9ea', 2, 1, '2014-05-03 11:18:11', '0000-00-00 00:00:00', 1, 1),
(780, '2ee317e67a1da85ec5e8900b317d64f2', 2, 2, '2014-05-03 11:18:11', '0000-00-00 00:00:00', 1, 1),
(781, '41e71d5ae6141a6fa8fe4fdd39cf83e1', 2, 3, '2014-05-03 11:18:11', '0000-00-00 00:00:00', 1, 1),
(782, '07a6e0df870208841c11973ab22f83fb', 3, 1, '2014-05-03 11:18:11', '0000-00-00 00:00:00', 0, 0),
(783, '301c23362634fdc623dbe35f5178317f', 3, 2, '2014-05-03 11:18:11', '0000-00-00 00:00:00', 1, 1),
(784, '7fd7a34f236536ee3b47785682e55f4e', 3, 3, '2014-05-03 11:18:11', '0000-00-00 00:00:00', 0, 0),
(785, '3c874655f910573d8419abe846fe39d5', 1, 1, '2014-05-03 11:19:11', '0000-00-00 00:00:00', 1, 1),
(786, '62c8e055b9e2fb516aafca7587ca7a4b', 1, 2, '2014-05-03 11:19:11', '0000-00-00 00:00:00', 1, 1),
(787, 'da917c6e9c91d41c177b79f08c88553d', 1, 3, '2014-05-03 11:19:11', '0000-00-00 00:00:00', 1, 1),
(788, 'f6bff60155b238561ac9a7b6a019968c', 2, 1, '2014-05-03 11:19:11', '0000-00-00 00:00:00', 1, 1),
(789, '7a5ace10eb9a18c2323ae76cce25433c', 2, 2, '2014-05-03 11:19:11', '0000-00-00 00:00:00', 1, 1),
(790, '5b783251a1ec8eda08251b4967694736', 2, 3, '2014-05-03 11:19:11', '0000-00-00 00:00:00', 1, 1),
(791, 'a065158b264163ac6117195826bce356', 3, 1, '2014-05-03 11:19:11', '0000-00-00 00:00:00', 1, 0),
(792, '90b03837535d5638f1596bd9a1699521', 3, 2, '2014-05-03 11:19:11', '0000-00-00 00:00:00', 1, 1),
(793, '2d3e1d423f58e8fe8ec47305662e733e', 3, 3, '2014-05-03 11:19:11', '0000-00-00 00:00:00', 0, 0),
(794, 'e25604c64079c8cc4f1834c0fae79a41', 1, 1, '2014-05-03 11:20:11', '0000-00-00 00:00:00', 1, 1),
(795, '4abd37df1e175bc5fa47c68724158add', 1, 2, '2014-05-03 11:20:11', '0000-00-00 00:00:00', 1, 1),
(796, '6fc2a2765f6235828b4aae1bfedd3908', 1, 3, '2014-05-03 11:20:11', '0000-00-00 00:00:00', 1, 1),
(797, 'b9adbb48f495d3dc2b506ad25d923d09', 2, 1, '2014-05-03 11:20:11', '0000-00-00 00:00:00', 1, 1),
(798, 'f371578d1728225bb50d871dbf681474', 2, 2, '2014-05-03 11:20:11', '0000-00-00 00:00:00', 1, 1),
(799, '2c7a47084927d0b88c54ccf23cc86c87', 2, 3, '2014-05-03 11:20:11', '0000-00-00 00:00:00', 1, 1),
(800, 'e9270cace3b99674c7458133de2f3bcf', 3, 1, '2014-05-03 11:20:11', '0000-00-00 00:00:00', 1, 1),
(801, 'a0e601be59c9d7d7ed8d70c3fb03a203', 3, 2, '2014-05-03 11:20:11', '0000-00-00 00:00:00', 1, 1),
(802, 'babcd6f1e1b8df0591acfeba94c6036f', 3, 3, '2014-05-03 11:20:11', '0000-00-00 00:00:00', 0, 0),
(803, 'f537aa9da0bb08d7993ada7853c5ec39', 1, 1, '2014-05-03 11:21:11', '0000-00-00 00:00:00', 1, 1),
(804, '5af4ba42370a749750ba64b70ce2d7ee', 1, 2, '2014-05-03 11:21:11', '0000-00-00 00:00:00', 1, 1),
(805, '90aa744bd92e88d79cf979a22328f36e', 1, 3, '2014-05-03 11:21:11', '0000-00-00 00:00:00', 1, 1),
(806, 'c70e66b9fb53e99793bc98a0e8a863fc', 2, 1, '2014-05-03 11:21:11', '0000-00-00 00:00:00', 1, 1),
(807, 'e4f34cd2331e9e5e468f2e68dbd26fec', 2, 2, '2014-05-03 11:21:11', '0000-00-00 00:00:00', 1, 1),
(808, '8c7daa7e9ab950717286364965edf4a3', 2, 3, '2014-05-03 11:21:11', '0000-00-00 00:00:00', 1, 1),
(809, '8b74ffec318aeeb761ad8818cd8a6180', 3, 1, '2014-05-03 11:21:11', '0000-00-00 00:00:00', 1, 1),
(810, '6c79e40fc695c27e9884fbde3e8ddf2b', 3, 2, '2014-05-03 11:21:11', '0000-00-00 00:00:00', 1, 1),
(811, '3dbeb0e653fd76037e0ab5e3562ee30c', 3, 3, '2014-05-03 11:21:11', '0000-00-00 00:00:00', 0, 0),
(812, '60c88164fb61f5b6bb431f97e3a51e36', 1, 1, '2014-05-03 11:22:11', '0000-00-00 00:00:00', 1, 1),
(813, 'db84ed4259ac6341664e900d750ec013', 1, 2, '2014-05-03 11:22:11', '0000-00-00 00:00:00', 1, 1),
(814, 'd4f508c28936d0d017c854fe9c76360d', 1, 3, '2014-05-03 11:22:11', '0000-00-00 00:00:00', 1, 1),
(815, '2015d93b07128ce313403d35b62cb5e9', 2, 1, '2014-05-03 11:22:11', '0000-00-00 00:00:00', 1, 1),
(816, 'c996070d5b4cd93fa46dfcc0b8b651de', 2, 2, '2014-05-03 11:22:11', '0000-00-00 00:00:00', 1, 1),
(817, 'b55d2dd3976e628c2b1a078b11173ce0', 2, 3, '2014-05-03 11:22:11', '0000-00-00 00:00:00', 1, 1),
(818, '4b7d788e7daf0178cc6376e50729b8a6', 3, 1, '2014-05-03 11:22:11', '0000-00-00 00:00:00', 1, 1),
(819, '7cdaba6b779562608c801e52d9dc9261', 3, 2, '2014-05-03 11:22:11', '0000-00-00 00:00:00', 1, 1),
(820, '31846fda992429216649dcddc463acf7', 3, 3, '2014-05-03 11:22:11', '0000-00-00 00:00:00', 0, 0),
(821, 'b1f22bbd8c48de655f8741649e39713f', 1, 1, '2014-05-03 11:23:11', '0000-00-00 00:00:00', 1, 1),
(822, 'ab51feff19f9410d2bd322af8059627e', 1, 2, '2014-05-03 11:23:11', '0000-00-00 00:00:00', 1, 1),
(823, '56c7616d20bd55eeec8bda29fb0ff560', 1, 3, '2014-05-03 11:23:11', '0000-00-00 00:00:00', 1, 1),
(824, 'a30cda2afdbaa891c9012f9a5f619bbc', 2, 1, '2014-05-03 11:23:11', '0000-00-00 00:00:00', 1, 1),
(825, '19c49838cad99a845e49e72bb1262002', 2, 2, '2014-05-03 11:23:11', '0000-00-00 00:00:00', 1, 1),
(826, 'ed2535b97870b06fff6d1785bdcca53c', 2, 3, '2014-05-03 11:23:11', '0000-00-00 00:00:00', 1, 1),
(827, '16007347dba97387d905e463dd0c2c2a', 3, 1, '2014-05-03 11:23:11', '0000-00-00 00:00:00', 1, 1),
(828, 'ec3cacf01a1bc7efb94e94599957089e', 3, 2, '2014-05-03 11:23:11', '0000-00-00 00:00:00', 1, 1),
(829, 'f068006c31097615678573f906cfff84', 3, 3, '2014-05-03 11:23:11', '0000-00-00 00:00:00', 0, 0),
(830, '790ff07f8d70e0341d9f557a17313b88', 1, 1, '2014-05-03 11:24:11', '0000-00-00 00:00:00', 1, 1),
(831, '98a1f68cfd17feac4ced20227688a22f', 1, 2, '2014-05-03 11:24:11', '0000-00-00 00:00:00', 1, 1),
(832, '4e301a3c70310b03c5401d8a2553596a', 1, 3, '2014-05-03 11:24:11', '0000-00-00 00:00:00', 1, 1),
(833, 'c5e9e53313b7dce7c18ce559da99e79d', 2, 1, '2014-05-03 11:24:11', '0000-00-00 00:00:00', 1, 1),
(834, '5dc8e9b96948b567bce4c72ab404dc59', 2, 2, '2014-05-03 11:24:11', '0000-00-00 00:00:00', 1, 1),
(835, 'dc147ed650128f0bd762a6f2d4a3e80c', 2, 3, '2014-05-03 11:24:11', '0000-00-00 00:00:00', 1, 1),
(836, 'e28e0aefdc757795da744eac84d6d28f', 3, 1, '2014-05-03 11:24:12', '0000-00-00 00:00:00', 1, 0),
(837, 'b3b92f0738cf03198e1e17aa4e806691', 3, 2, '2014-05-03 11:24:12', '0000-00-00 00:00:00', 1, 1),
(838, 'fc6c2111dd6fdb3449f7105c0fa949cd', 3, 3, '2014-05-03 11:24:12', '0000-00-00 00:00:00', 0, 0),
(839, '315e9e2fc45cfc52752b58cf4b7bbc40', 1, 1, '2014-05-03 11:25:12', '0000-00-00 00:00:00', 1, 1),
(840, 'df0c6d59a16d6bc8de11c2033c5aff5b', 1, 2, '2014-05-03 11:25:12', '0000-00-00 00:00:00', 1, 1),
(841, '178b5d920c346f9446ab08afde0ed2bf', 1, 3, '2014-05-03 11:25:12', '0000-00-00 00:00:00', 1, 1),
(842, '4a4d1f41faa96cf38fb949fc94b5b203', 2, 1, '2014-05-03 11:25:12', '0000-00-00 00:00:00', 1, 1),
(843, '2d5a125db25c67c07f6ffe2ad9ceae15', 2, 2, '2014-05-03 11:25:12', '0000-00-00 00:00:00', 1, 1),
(844, 'e9b6c477ed6dc5795854aba23c9bd716', 2, 3, '2014-05-03 11:25:12', '0000-00-00 00:00:00', 1, 1),
(845, '491cb7e7181365560db6030f4f489e61', 3, 1, '2014-05-03 11:25:12', '0000-00-00 00:00:00', 1, 1),
(846, '2835240540378c3af422900f3717a7df', 3, 2, '2014-05-03 11:25:12', '0000-00-00 00:00:00', 1, 1),
(847, 'c5ee0409dfaeac839b18d27663956a92', 3, 3, '2014-05-03 11:25:12', '0000-00-00 00:00:00', 0, 0),
(848, '949468164144558687d5f658ce349756', 1, 1, '2014-05-03 11:26:12', '0000-00-00 00:00:00', 1, 1),
(849, '65485beace66dbec8feac417e6f3843d', 1, 2, '2014-05-03 11:26:12', '0000-00-00 00:00:00', 1, 1),
(850, '1b3038ef911dcda4cafaaa8bf846c74b', 1, 3, '2014-05-03 11:26:12', '0000-00-00 00:00:00', 1, 1),
(851, 'fe6421013c749f4b53293fdf0aebc5cb', 2, 1, '2014-05-03 11:26:12', '0000-00-00 00:00:00', 1, 1),
(852, 'bc28aa3f3843ab2f5d7e1a4112e40248', 2, 2, '2014-05-03 11:26:12', '0000-00-00 00:00:00', 1, 1),
(853, '10e108e946c80967f9173c05adddf308', 2, 3, '2014-05-03 11:26:12', '0000-00-00 00:00:00', 1, 1),
(854, 'db28811c6098410a0ea455428301b075', 3, 1, '2014-05-03 11:26:12', '0000-00-00 00:00:00', 1, 1),
(855, '2a6760432f2d2627f36bb0bb59eec833', 3, 2, '2014-05-03 11:26:12', '0000-00-00 00:00:00', 1, 1),
(856, 'ba5c9821eb89a982ca54bcb5e6ae9020', 3, 3, '2014-05-03 11:26:12', '0000-00-00 00:00:00', 0, 0),
(857, '375b33e0b9819f4a79f214bd5207e82b', 1, 1, '2014-05-03 11:27:12', '0000-00-00 00:00:00', 1, 1),
(858, '95119b0d2d06bbac8444448b06bba869', 1, 2, '2014-05-03 11:27:12', '0000-00-00 00:00:00', 1, 1),
(859, '90e40dae7864cfa7907421d828bd5a85', 1, 3, '2014-05-03 11:27:12', '0000-00-00 00:00:00', 1, 1),
(860, '65f645a2bf0ace7b36f38237b411bb4c', 2, 1, '2014-05-03 11:27:12', '0000-00-00 00:00:00', 1, 1),
(861, '84c0c757ab5adf2da37d4c675014adc8', 2, 2, '2014-05-03 11:27:12', '0000-00-00 00:00:00', 1, 1),
(862, '8d9be060ca042a2110a645b002d3b2ad', 2, 3, '2014-05-03 11:27:12', '0000-00-00 00:00:00', 1, 1),
(863, 'bcd1496019e3d77c700e225554504232', 3, 1, '2014-05-03 11:27:12', '0000-00-00 00:00:00', 1, 1),
(864, 'b97d030d59a725fe02e294c8055bf73a', 3, 2, '2014-05-03 11:27:12', '0000-00-00 00:00:00', 1, 1),
(865, '52fbb27838a90619f72b275202a3dec9', 3, 3, '2014-05-03 11:27:12', '0000-00-00 00:00:00', 0, 0),
(866, '43ca04cb1fc56a4a8a60dbb58f1d77ed', 1, 1, '2014-05-03 11:28:12', '0000-00-00 00:00:00', 1, 1),
(867, 'e89d1b8021a89a4824a1c04bf208918b', 1, 2, '2014-05-03 11:28:12', '0000-00-00 00:00:00', 1, 1),
(868, 'f7bbd3c9bca4f6aaa441594a0e9fa498', 1, 3, '2014-05-03 11:28:12', '0000-00-00 00:00:00', 1, 1),
(869, '5200799f57867c81f7f81a072e90bae8', 2, 1, '2014-05-03 11:28:12', '0000-00-00 00:00:00', 1, 1),
(870, '866c136ade525e61ff55140ab3df9c94', 2, 2, '2014-05-03 11:28:12', '0000-00-00 00:00:00', 1, 1),
(871, 'e2e765ab3c3c357b63160141b50db1d5', 2, 3, '2014-05-03 11:28:12', '0000-00-00 00:00:00', 1, 1),
(872, 'cef8c558f8549bc14558f2f70a0ec2b7', 3, 1, '2014-05-03 11:28:12', '0000-00-00 00:00:00', 1, 1),
(873, '8de7c9cee6773382de09897cd17f955d', 3, 2, '2014-05-03 11:28:12', '0000-00-00 00:00:00', 1, 1),
(874, 'b386db328c2de53e4f1bebac28f2a442', 3, 3, '2014-05-03 11:28:12', '0000-00-00 00:00:00', 0, 0),
(875, 'e372bafca1c0452cb0ffc3fa69d4731e', 1, 1, '2014-05-03 11:29:12', '0000-00-00 00:00:00', 1, 1),
(876, '138e4a8bb134d7f8fccaa17e895661f6', 1, 2, '2014-05-03 11:29:12', '0000-00-00 00:00:00', 1, 1),
(877, '8470011d1da6ec43ff7544ce9769fa54', 1, 3, '2014-05-03 11:29:12', '0000-00-00 00:00:00', 1, 1),
(878, '38ef3226489461ce963240c3d651dddc', 2, 1, '2014-05-03 11:29:12', '0000-00-00 00:00:00', 1, 1),
(879, '24582266e2067a9bfb3d189993dcc268', 2, 2, '2014-05-03 11:29:12', '0000-00-00 00:00:00', 1, 1),
(880, '3cdc6538ba62eadfeb008f949156b2dd', 2, 3, '2014-05-03 11:29:12', '0000-00-00 00:00:00', 1, 1),
(881, '93bdaccc93a46d8f969f121c9a28ed26', 3, 1, '2014-05-03 11:29:12', '0000-00-00 00:00:00', 1, 1),
(882, '1f5fd52143df51704a3dbce63bc45621', 3, 2, '2014-05-03 11:29:12', '0000-00-00 00:00:00', 1, 1),
(883, '1e086fca1325cdaa888daa5db2f5b366', 3, 3, '2014-05-03 11:29:12', '0000-00-00 00:00:00', 0, 0),
(884, 'e589a1b770e5a7cf2f2cbd1eaf4931dc', 1, 1, '2014-05-03 11:30:12', '0000-00-00 00:00:00', 1, 1),
(885, 'cba37225c3b1aa537595bdd9a3eab114', 1, 2, '2014-05-03 11:30:12', '0000-00-00 00:00:00', 1, 1),
(886, '612b50f681e62f41b4d52eecd8ac04e3', 1, 3, '2014-05-03 11:30:12', '0000-00-00 00:00:00', 1, 1),
(887, '09647cd0c72dff2972d8cc9c4918fd18', 2, 1, '2014-05-03 11:30:12', '0000-00-00 00:00:00', 1, 1),
(888, '7dd8c9984390cf8dcb9fe2779075d8b6', 2, 2, '2014-05-03 11:30:12', '0000-00-00 00:00:00', 1, 1),
(889, '3c35a9ffcd632aa1e0a766d7da842246', 2, 3, '2014-05-03 11:30:12', '0000-00-00 00:00:00', 1, 1),
(890, '880dfce00859d932a517feb90b16cccf', 3, 1, '2014-05-03 11:30:12', '0000-00-00 00:00:00', 1, 1),
(891, '0dfe37493faa78448de75a420cb19a44', 3, 2, '2014-05-03 11:30:12', '0000-00-00 00:00:00', 1, 1),
(892, '98eb4a9b427d6389677b82cbaa8c8bee', 3, 3, '2014-05-03 11:30:12', '0000-00-00 00:00:00', 0, 0),
(893, '079b8b07577ea562462ee1f3eadbaf05', 1, 1, '2014-05-03 11:31:12', '0000-00-00 00:00:00', 1, 1),
(894, '9da27792e37bf236bae862b10e42466e', 1, 2, '2014-05-03 11:31:12', '0000-00-00 00:00:00', 1, 1),
(895, '2c9c748792bd93f042d9540af705fe23', 1, 3, '2014-05-03 11:31:12', '0000-00-00 00:00:00', 1, 1),
(896, '46b6ca679c24df3b66df9cea9c9cd6db', 2, 1, '2014-05-03 11:31:12', '0000-00-00 00:00:00', 1, 1),
(897, 'b53c3e861608a35e8985d897b7b2492b', 2, 2, '2014-05-03 11:31:12', '0000-00-00 00:00:00', 1, 1),
(898, '03535663662bd0d09af2255dadef6314', 2, 3, '2014-05-03 11:31:12', '0000-00-00 00:00:00', 1, 1),
(899, 'ce1aab9d8a5eef9e4f859e6b5745bc49', 3, 1, '2014-05-03 11:31:12', '0000-00-00 00:00:00', 1, 1),
(900, '30ed1ab00a3b80413fea53bc8f2c4f79', 3, 2, '2014-05-03 11:31:12', '0000-00-00 00:00:00', 1, 1),
(901, '128f10b898e1ae1d90c26465bbfa0212', 3, 3, '2014-05-03 11:31:12', '0000-00-00 00:00:00', 0, 0),
(902, '60acc860e0544340de1cc5f33c9053f4', 1, 1, '2014-05-03 11:32:12', '0000-00-00 00:00:00', 1, 1),
(903, '564574df8671f332d522ab751a78665b', 1, 2, '2014-05-03 11:32:12', '0000-00-00 00:00:00', 1, 1),
(904, '7aa5cfeb8aac7c2783f7b49c12cbc9c6', 1, 3, '2014-05-03 11:32:12', '0000-00-00 00:00:00', 1, 1),
(905, 'd782ee57ef506e3dc97644ec11ac808f', 2, 1, '2014-05-03 11:32:12', '0000-00-00 00:00:00', 1, 1),
(906, 'eaf6b069b7a9b8d982d23a97c983992a', 2, 2, '2014-05-03 11:32:12', '0000-00-00 00:00:00', 1, 1),
(907, 'b8c13b6c63e25d77c35de2e630ea1d57', 2, 3, '2014-05-03 11:32:12', '0000-00-00 00:00:00', 1, 1),
(908, 'c2a83c386adf3ba632027ad96e59e508', 3, 1, '2014-05-03 11:32:12', '0000-00-00 00:00:00', 1, 1),
(909, '82647a825d363834ea264af5f2e0dabc', 3, 2, '2014-05-03 11:32:12', '0000-00-00 00:00:00', 1, 1),
(910, 'f7d42dcc9b35fdafe13be123dc0beb80', 3, 3, '2014-05-03 11:32:12', '0000-00-00 00:00:00', 0, 0),
(911, '57965226ce5ca18e20760e5f14a2cb5f', 1, 1, '2014-05-03 11:33:12', '0000-00-00 00:00:00', 1, 1),
(912, '35b71310df9cccc07676ab15720c9885', 1, 2, '2014-05-03 11:33:12', '0000-00-00 00:00:00', 1, 1),
(913, '611ed3399d8257b399f49e88f1765eb3', 1, 3, '2014-05-03 11:33:12', '0000-00-00 00:00:00', 1, 1),
(914, '5951b8378e93eac548181e8a3b0d590d', 2, 1, '2014-05-03 11:33:12', '0000-00-00 00:00:00', 1, 1),
(915, '61b0ccdb451748fd3b601e5a6fdd141f', 2, 2, '2014-05-03 11:33:12', '0000-00-00 00:00:00', 1, 1),
(916, 'c025343a34e463e5c8c1f7e7da377acc', 2, 3, '2014-05-03 11:33:12', '0000-00-00 00:00:00', 1, 1),
(917, '262352dce4010a9db8f0ebaea0ecba34', 3, 1, '2014-05-03 11:33:12', '0000-00-00 00:00:00', 1, 1),
(918, '640924229c741b97da4ef12dbb65a2b3', 3, 2, '2014-05-03 11:33:12', '0000-00-00 00:00:00', 1, 1),
(919, 'd3df36e3560ce20791f5f2ed517b2a5f', 3, 3, '2014-05-03 11:33:12', '0000-00-00 00:00:00', 0, 0),
(920, 'add231b735dfb07df8e9f67797948edf', 1, 1, '2014-05-03 11:34:12', '0000-00-00 00:00:00', 1, 1),
(921, 'd8f03bbe1fbbb1357044dcee43576019', 1, 2, '2014-05-03 11:34:12', '0000-00-00 00:00:00', 1, 1),
(922, '968ee0dfe78535b667475e2f4c5c88ba', 1, 3, '2014-05-03 11:34:12', '0000-00-00 00:00:00', 1, 1),
(923, 'fc491422e188fa9865337840724e8071', 2, 1, '2014-05-03 11:34:12', '0000-00-00 00:00:00', 1, 1),
(924, 'c409668eade085b49e32f95d0fa95fed', 2, 2, '2014-05-03 11:34:12', '0000-00-00 00:00:00', 1, 1),
(925, 'bb8b64cc390d3506f8b97babdd1389ad', 2, 3, '2014-05-03 11:34:12', '0000-00-00 00:00:00', 1, 1),
(926, '564e181bc95e1ac627de6710cb645bf8', 3, 1, '2014-05-03 11:34:12', '0000-00-00 00:00:00', 1, 1),
(927, '3a49531e2803d2d1a329b7ddb85f79b8', 3, 2, '2014-05-03 11:34:12', '0000-00-00 00:00:00', 1, 1),
(928, 'e6f9fee61df77e7f17f03e7ae177d735', 3, 3, '2014-05-03 11:34:12', '0000-00-00 00:00:00', 0, 0),
(929, '973a1ec6b701644aba64d4f2232b1a9e', 1, 1, '2014-05-03 11:35:12', '0000-00-00 00:00:00', 1, 1),
(930, '1b9463b0f611b12e3de82ac30aedf578', 1, 2, '2014-05-03 11:35:12', '0000-00-00 00:00:00', 1, 1),
(931, 'befda75cb4b88d52469c232669e68cd1', 1, 3, '2014-05-03 11:35:12', '0000-00-00 00:00:00', 1, 1),
(932, '8bdb37c6f136105dda0c13ff1163c3b8', 2, 1, '2014-05-03 11:35:12', '0000-00-00 00:00:00', 1, 1),
(933, '6822d2986de5dd968b9d80ed7ee9de62', 2, 2, '2014-05-03 11:35:12', '0000-00-00 00:00:00', 1, 1),
(934, '1351fc2128e41a74e4ff7958a7f4d1de', 2, 3, '2014-05-03 11:35:12', '0000-00-00 00:00:00', 1, 1),
(935, '435666ffe6212efd6a31e2b558c5071f', 3, 1, '2014-05-03 11:35:12', '0000-00-00 00:00:00', 1, 1),
(936, '0bda020ef05c14c446e6a2d0109638e8', 3, 2, '2014-05-03 11:35:12', '0000-00-00 00:00:00', 1, 1),
(937, '914033b2dad399dab1fe450bc1dec9d2', 3, 3, '2014-05-03 11:35:12', '0000-00-00 00:00:00', 0, 0),
(938, '07f3cc5b9fb7c9d634263c68a858771a', 1, 1, '2014-05-03 11:36:12', '0000-00-00 00:00:00', 1, 1),
(939, '13532e7960e63d8689f9829695f3eab9', 1, 2, '2014-05-03 11:36:12', '0000-00-00 00:00:00', 1, 1),
(940, 'bd6d9fc3c34265ca9bfa039227cace87', 1, 3, '2014-05-03 11:36:12', '0000-00-00 00:00:00', 1, 1),
(941, '2fbbd9b166f755f5a0603233c8690957', 2, 1, '2014-05-03 11:36:12', '0000-00-00 00:00:00', 1, 0),
(942, '9792c4762355c803485f611e8b516ea6', 2, 2, '2014-05-03 11:36:12', '0000-00-00 00:00:00', 1, 1),
(943, 'e85e9a9d2bb1525934402cf2704a1749', 2, 3, '2014-05-03 11:36:12', '0000-00-00 00:00:00', 1, 1),
(944, 'd4de72b687df3a509eddf971ceb4e221', 3, 1, '2014-05-03 11:36:12', '0000-00-00 00:00:00', 1, 1),
(945, 'd78b392ccf5da317eec069fc983a0874', 3, 2, '2014-05-03 11:36:12', '0000-00-00 00:00:00', 1, 1),
(946, '057c20e0f4cc1be67d73d1453dfb7d03', 3, 3, '2014-05-03 11:36:12', '0000-00-00 00:00:00', 0, 0),
(947, '2328b6f510717a2821f352fa9a09a208', 1, 1, '2014-05-03 11:37:12', '0000-00-00 00:00:00', 1, 1),
(948, 'd51af1533b6e830b1ee724dfaeb4b692', 1, 2, '2014-05-03 11:37:12', '0000-00-00 00:00:00', 1, 1),
(949, '7ee2762db4e74bede1923f569a4018c9', 1, 3, '2014-05-03 11:37:12', '0000-00-00 00:00:00', 1, 1),
(950, '118c6a53f24167e24ce391a67da566b9', 2, 1, '2014-05-03 11:37:12', '0000-00-00 00:00:00', 1, 0),
(951, 'a96c24f289ad5f6cb34e825b69b62905', 2, 2, '2014-05-03 11:37:12', '0000-00-00 00:00:00', 1, 1),
(952, 'e4da343d4dd1e1ca208b77885a93015a', 2, 3, '2014-05-03 11:37:12', '0000-00-00 00:00:00', 1, 1),
(953, 'e9bc62e77e8aa0f890716557548ae901', 3, 1, '2014-05-03 11:37:12', '0000-00-00 00:00:00', 1, 1),
(954, '869ca489f467a7fd1cbeb9e428638746', 3, 2, '2014-05-03 11:37:12', '0000-00-00 00:00:00', 1, 1),
(955, '1843a74bbb245ae416416422b9215b08', 3, 3, '2014-05-03 11:37:12', '0000-00-00 00:00:00', 0, 0),
(956, '87d20f065866b24d62ab6a87a3075651', 1, 1, '2014-05-03 11:38:12', '0000-00-00 00:00:00', 1, 1),
(957, 'f732fcc29105c45828a7b679d6bb2e27', 1, 2, '2014-05-03 11:38:12', '0000-00-00 00:00:00', 1, 1),
(958, '353c8a8d5445db50514db8d062364b1c', 1, 3, '2014-05-03 11:38:12', '0000-00-00 00:00:00', 1, 1),
(959, 'd73604f84672a0c8f4091756f1a7726f', 2, 1, '2014-05-03 11:38:12', '0000-00-00 00:00:00', 1, 1),
(960, '5b4d9c73ea6ba029321d6def54ae4c41', 2, 2, '2014-05-03 11:38:12', '0000-00-00 00:00:00', 1, 1),
(961, '4577135a6e104190e2ea004b59685584', 2, 3, '2014-05-03 11:38:12', '0000-00-00 00:00:00', 1, 1),
(962, '549fd0188c37f84a06bcb42017db9f20', 3, 1, '2014-05-03 11:38:12', '0000-00-00 00:00:00', 1, 1),
(963, 'a4a71fa753dc83b05725e8d08ae09c44', 3, 2, '2014-05-03 11:38:12', '0000-00-00 00:00:00', 1, 1),
(964, 'b183a8e149a6edd92c4164d7b5dee08d', 3, 3, '2014-05-03 11:38:12', '0000-00-00 00:00:00', 0, 0),
(965, '57f01597c5dea1108fe21aeb76590bfc', 1, 1, '2014-05-03 11:39:12', '0000-00-00 00:00:00', 1, 1),
(966, '8af165272e6c5cae363d08eb0d1c7558', 1, 2, '2014-05-03 11:39:12', '0000-00-00 00:00:00', 1, 1),
(967, '1ea46fb135977b556da3e8b0789de721', 1, 3, '2014-05-03 11:39:12', '0000-00-00 00:00:00', 1, 1),
(968, 'f19d11e5ada8d28b5750084bae79f2ca', 2, 1, '2014-05-03 11:39:12', '0000-00-00 00:00:00', 1, 1),
(969, 'ddbb705863a4f0a49ea7ff54f951ed38', 2, 2, '2014-05-03 11:39:12', '0000-00-00 00:00:00', 1, 1),
(970, 'f82b2e8e7ff026dc54f01e3e3fbdf321', 2, 3, '2014-05-03 11:39:12', '0000-00-00 00:00:00', 1, 1),
(971, '8e08364b16aea65c6909a1c270770669', 3, 1, '2014-05-03 11:39:12', '0000-00-00 00:00:00', 1, 1),
(972, 'e3dcc2577a40862265aff6c5843ca0bd', 3, 2, '2014-05-03 11:39:12', '0000-00-00 00:00:00', 1, 1),
(973, '8296578d1485e317202e4e62877a914f', 3, 3, '2014-05-03 11:39:12', '0000-00-00 00:00:00', 0, 0),
(974, 'acd9e31ec963621b01e5683cd2bf875f', 1, 1, '2014-05-03 11:40:12', '0000-00-00 00:00:00', 1, 1),
(975, 'b0eeddadac0edc944ef50b8f13456c6c', 1, 2, '2014-05-03 11:40:12', '0000-00-00 00:00:00', 1, 1),
(976, 'baabd51c1bfa411107ce25dedbf99e72', 1, 3, '2014-05-03 11:40:12', '0000-00-00 00:00:00', 1, 1),
(977, '79b0197fc9cc329811d6448a7501135b', 2, 1, '2014-05-03 11:40:12', '0000-00-00 00:00:00', 1, 1),
(978, '99db23faec1085c2dc1458e0d29afad9', 2, 2, '2014-05-03 11:40:12', '0000-00-00 00:00:00', 1, 1),
(979, 'd0ec543b5116fa9d6e614a9f819a2978', 2, 3, '2014-05-03 11:40:12', '0000-00-00 00:00:00', 1, 1),
(980, '12944092072a9f54b149f418e25d375e', 3, 1, '2014-05-03 11:40:12', '0000-00-00 00:00:00', 1, 1),
(981, '5f21466ad787fbcf9586ad9510ea5145', 3, 2, '2014-05-03 11:40:12', '0000-00-00 00:00:00', 1, 1),
(982, '71e272a8779526975ac5b6ddfae6d0c9', 3, 3, '2014-05-03 11:40:12', '0000-00-00 00:00:00', 0, 0),
(983, '53726a9da31dedef15e71ebed923b422', 1, 1, '2014-05-03 11:41:12', '0000-00-00 00:00:00', 1, 1),
(984, 'c4eafe03e363ad0fc809b7258c34d2bb', 1, 2, '2014-05-03 11:41:12', '0000-00-00 00:00:00', 1, 1),
(985, '4468b85be58e89d587b436d97ccb7d1e', 1, 3, '2014-05-03 11:41:12', '0000-00-00 00:00:00', 1, 1),
(986, '73157fb33912ea7fd319cdfbcb2a5b96', 2, 1, '2014-05-03 11:41:12', '0000-00-00 00:00:00', 1, 1),
(987, '913caf73264e67e4a174fa4956da2b21', 2, 2, '2014-05-03 11:41:12', '0000-00-00 00:00:00', 1, 1),
(988, 'f80e5d7ce031b66cfecbd852233a3bcc', 2, 3, '2014-05-03 11:41:12', '0000-00-00 00:00:00', 1, 1),
(989, '04c32e10ee96a7f2fb096e8a7b7e02e6', 3, 1, '2014-05-03 11:41:12', '0000-00-00 00:00:00', 1, 1),
(990, '1493b176342e01b43f52ac84ef6180b1', 3, 2, '2014-05-03 11:41:12', '0000-00-00 00:00:00', 1, 1),
(991, 'e4288781248921f8fcb0dc080a169273', 3, 3, '2014-05-03 11:41:12', '0000-00-00 00:00:00', 0, 0),
(992, 'f914e962f315ac40a5cec03e0b3015a6', 1, 1, '2014-05-03 11:42:12', '0000-00-00 00:00:00', 1, 1),
(993, 'c92cd65a0e98f284b692ba23b792db40', 1, 2, '2014-05-03 11:42:12', '0000-00-00 00:00:00', 1, 1),
(994, '53e639c1669e41c2ed2bcf2954da6fc9', 1, 3, '2014-05-03 11:42:12', '0000-00-00 00:00:00', 1, 1),
(995, 'a046641c205d689a17f0053cac0a27b7', 2, 1, '2014-05-03 11:42:12', '0000-00-00 00:00:00', 1, 0),
(996, '58dbfece18d49a3d8d90472c0ee2af03', 2, 2, '2014-05-03 11:42:12', '0000-00-00 00:00:00', 1, 1),
(997, '092055aabab01e513ec92c1f12330f89', 2, 3, '2014-05-03 11:42:12', '0000-00-00 00:00:00', 1, 1),
(998, '3d93b060a73165552d12e4bef4783196', 3, 1, '2014-05-03 11:42:12', '0000-00-00 00:00:00', 1, 1),
(999, 'df0ae1a8f929d6d7967d6faa379240f5', 3, 2, '2014-05-03 11:42:12', '0000-00-00 00:00:00', 1, 1),
(1000, '3492f6656d421a47416a47abc13ed358', 3, 3, '2014-05-03 11:42:12', '0000-00-00 00:00:00', 0, 0),
(1001, 'ca92768bdd1d21b7224c505e2567b99a', 1, 1, '2014-05-03 11:43:12', '0000-00-00 00:00:00', 1, 1),
(1002, '0ef74106992a5953a66ea6d268f2f061', 1, 2, '2014-05-03 11:43:12', '0000-00-00 00:00:00', 1, 1),
(1003, '9634b8d8b0b756e0c3cb749f31a2ac86', 1, 3, '2014-05-03 11:43:12', '0000-00-00 00:00:00', 1, 1),
(1004, 'b0999ed96f176fd8847a29fbdb6827c0', 2, 1, '2014-05-03 11:43:12', '0000-00-00 00:00:00', 1, 1),
(1005, '03d31a13a190fb495d271890cddd5794', 2, 2, '2014-05-03 11:43:12', '0000-00-00 00:00:00', 1, 1),
(1006, '55d2ab052ff59235f4928741d5a2f7b3', 2, 3, '2014-05-03 11:43:12', '0000-00-00 00:00:00', 1, 1),
(1007, '5a4e9d3a424373999de2512692095d10', 3, 1, '2014-05-03 11:43:12', '0000-00-00 00:00:00', 1, 1);
INSERT INTO `flags` (`id`, `flag`, `team_id`, `service_id`, `post_timestamp`, `until_timestamp`, `put_status`, `check_status`) VALUES
(1008, '356017fa918c3f0d0c49a52c64e9fe74', 3, 2, '2014-05-03 11:43:12', '0000-00-00 00:00:00', 1, 1),
(1009, 'f4e9e054b08a2bd3a232006d7ecf2046', 3, 3, '2014-05-03 11:43:12', '0000-00-00 00:00:00', 0, 0),
(1010, 'bb32a25b397d34fdfd01fde3c38438b3', 1, 1, '2014-05-03 11:44:12', '0000-00-00 00:00:00', 1, 1),
(1011, '9fc451c7060690bd1848f6bc55d44c68', 1, 2, '2014-05-03 11:44:12', '0000-00-00 00:00:00', 1, 1),
(1012, 'cec86a99cd43b4b61449ac7dd41fd10a', 1, 3, '2014-05-03 11:44:12', '0000-00-00 00:00:00', 1, 1),
(1013, '36c86d2b8999571aeec3285aba8f34ce', 2, 1, '2014-05-03 11:44:12', '0000-00-00 00:00:00', 1, 1),
(1014, 'f458a3b3009a8e8914f1da0219ae4c8a', 2, 2, '2014-05-03 11:44:12', '0000-00-00 00:00:00', 1, 1),
(1015, 'c71d4d071757393dc9d113cac476d8a3', 2, 3, '2014-05-03 11:44:12', '0000-00-00 00:00:00', 1, 1),
(1016, 'd184f885695933e68ceae2b52e400156', 3, 1, '2014-05-03 11:44:12', '0000-00-00 00:00:00', 1, 1),
(1017, '36526e9069c4c02c3c5235f50f3a7865', 3, 2, '2014-05-03 11:44:12', '0000-00-00 00:00:00', 1, 1),
(1018, '4fd463d1da1fd270cb6782ac30c1af68', 3, 3, '2014-05-03 11:44:13', '0000-00-00 00:00:00', 0, 0),
(1019, 'd53f0e81bc4461833e5f982a17ca6d8c', 1, 1, '2014-05-03 11:45:12', '0000-00-00 00:00:00', 1, 1),
(1020, '3b003d377dcb67d33086404eba230c18', 1, 2, '2014-05-03 11:45:12', '0000-00-00 00:00:00', 1, 1),
(1021, 'c151d56b1863d85f8b14da0f73d22b87', 1, 3, '2014-05-03 11:45:13', '0000-00-00 00:00:00', 1, 1),
(1022, '09ad89a745b52cf38d1aa884e5cf3ba7', 2, 1, '2014-05-03 11:45:13', '0000-00-00 00:00:00', 1, 1),
(1023, 'eb669312e9e1f4d3c0b54daafb431583', 2, 2, '2014-05-03 11:45:13', '0000-00-00 00:00:00', 1, 1),
(1024, '6114f5cf75c0bcb4ab346b523d8ead98', 2, 3, '2014-05-03 11:45:13', '0000-00-00 00:00:00', 1, 1),
(1025, 'aa906b00e084c16de9bf3ecd9b8b6cac', 3, 1, '2014-05-03 11:45:13', '0000-00-00 00:00:00', 1, 1),
(1026, 'a0d4d61195bdd0a5463821cb33f41429', 3, 2, '2014-05-03 11:45:13', '0000-00-00 00:00:00', 1, 1),
(1027, '4f470bb33eb77c450773f771a0154021', 3, 3, '2014-05-03 11:45:13', '0000-00-00 00:00:00', 0, 0),
(1028, '87d5f05eb26285ff593f1595d919f781', 1, 1, '2014-05-03 11:46:13', '0000-00-00 00:00:00', 1, 1),
(1029, 'cc65459403dfcf8254bae5907a6572c1', 1, 2, '2014-05-03 11:46:13', '0000-00-00 00:00:00', 1, 1),
(1030, 'ba240a22c4dd9a409a5d3da3a62f83cf', 1, 3, '2014-05-03 11:46:13', '0000-00-00 00:00:00', 1, 1),
(1031, '90f43b0e788f8c92de0dc1358aee9337', 2, 1, '2014-05-03 11:46:13', '0000-00-00 00:00:00', 1, 1),
(1032, '866e099138dfc080077a0dafa081fb99', 2, 2, '2014-05-03 11:46:13', '0000-00-00 00:00:00', 1, 1),
(1033, '5f14f74c31ad78e6e4c46bf887167e16', 2, 3, '2014-05-03 11:46:13', '0000-00-00 00:00:00', 1, 1),
(1034, '2a165a0e179d67f0c13bf0be08a87e7a', 3, 1, '2014-05-03 11:46:13', '0000-00-00 00:00:00', 1, 1),
(1035, '35bc0c84bad53e0b47992854bdff766f', 3, 2, '2014-05-03 11:46:13', '0000-00-00 00:00:00', 1, 1),
(1036, '11a2660c1d6f6b5a15249ebac8175fcc', 3, 3, '2014-05-03 11:46:13', '0000-00-00 00:00:00', 0, 0),
(1037, 'da35b55b3bfa36a93a6741798c47e341', 1, 1, '2014-05-03 11:47:13', '0000-00-00 00:00:00', 1, 1),
(1038, 'f494eb45dece7fa978a8f2cc170dcee4', 1, 2, '2014-05-03 11:47:13', '0000-00-00 00:00:00', 1, 1),
(1039, 'a6bd398929097a37b05f4c2fb8587be7', 1, 3, '2014-05-03 11:47:13', '0000-00-00 00:00:00', 1, 1),
(1040, '757531ab9d69ae5a0a201dcf879dd8af', 2, 1, '2014-05-03 11:47:13', '0000-00-00 00:00:00', 1, 1),
(1041, '8586e3fb00f1836750076e733b70d6b2', 2, 2, '2014-05-03 11:47:13', '0000-00-00 00:00:00', 1, 1),
(1042, '654624b665b21475ecf5c256767afc7d', 2, 3, '2014-05-03 11:47:13', '0000-00-00 00:00:00', 1, 1),
(1043, 'ac10701e408b931dbd1643ccbc49e28e', 3, 1, '2014-05-03 11:47:13', '0000-00-00 00:00:00', 1, 1),
(1044, 'dc4a70360e74ff6c6047699bba4bf517', 3, 2, '2014-05-03 11:47:13', '0000-00-00 00:00:00', 1, 1),
(1045, '243d5f1e7b7db5831eff91ac20b78872', 3, 3, '2014-05-03 11:47:13', '0000-00-00 00:00:00', 0, 0),
(1046, '82690cff5e271d198bd34a673f62ad12', 1, 1, '2014-05-03 11:48:13', '0000-00-00 00:00:00', 1, 1),
(1047, 'bcef16888a998c7fb09e48b1ef468322', 1, 2, '2014-05-03 11:48:13', '0000-00-00 00:00:00', 1, 1),
(1048, '28172b3153d525a9bbfd9af884702fac', 1, 3, '2014-05-03 11:48:13', '0000-00-00 00:00:00', 1, 1),
(1049, '87ebe4209e909fa78a0da27a64f4bd8a', 2, 1, '2014-05-03 11:48:13', '0000-00-00 00:00:00', 1, 1),
(1050, '5ea83adaba1124cd921a140be137ea7c', 2, 2, '2014-05-03 11:48:13', '0000-00-00 00:00:00', 1, 1),
(1051, '86ed658657df28719694b8bc9ede5c26', 2, 3, '2014-05-03 11:48:13', '0000-00-00 00:00:00', 1, 1),
(1052, '5dd7c9c6de969a31b7ab58854d23b25e', 3, 1, '2014-05-03 11:48:13', '0000-00-00 00:00:00', 1, 1),
(1053, 'dc6c930a2c3b0a48221efe638e2f82d7', 3, 2, '2014-05-03 11:48:13', '0000-00-00 00:00:00', 1, 1),
(1054, '42e2e958dc88f6b2a19f50778f4c41e7', 3, 3, '2014-05-03 11:48:13', '0000-00-00 00:00:00', 0, 0),
(1055, '944dc2cc43603219945a166de732caa9', 1, 1, '2014-05-03 11:49:13', '0000-00-00 00:00:00', 1, 1),
(1056, '402b38e31fd2908e377ce9b6e3921ceb', 1, 2, '2014-05-03 11:49:13', '0000-00-00 00:00:00', 1, 1),
(1057, '356adc2a49d3b1b03bd481f0bc23bbca', 1, 3, '2014-05-03 11:49:13', '0000-00-00 00:00:00', 1, 1),
(1058, '5e2f51ac4328616309984649351a051f', 2, 1, '2014-05-03 11:49:13', '0000-00-00 00:00:00', 1, 1),
(1059, '59282f8dd158aad1a06958c26995d63e', 2, 2, '2014-05-03 11:49:13', '0000-00-00 00:00:00', 1, 1),
(1060, 'af9f81bfad6f95db790ae0553b5875fa', 2, 3, '2014-05-03 11:49:13', '0000-00-00 00:00:00', 1, 1),
(1061, 'e4c5a1b72e77ce4db86f1f5da78105d8', 3, 1, '2014-05-03 11:49:13', '0000-00-00 00:00:00', 1, 1),
(1062, 'c71848bd2b0d9ea5341631dec7b59be9', 3, 2, '2014-05-03 11:49:13', '0000-00-00 00:00:00', 1, 1),
(1063, '0010c685916d4c97b2d367e0498511d7', 3, 3, '2014-05-03 11:49:13', '0000-00-00 00:00:00', 0, 0),
(1064, 'afc0c6d1d15876f129206e7bb57cc8b3', 1, 1, '2014-05-03 11:50:13', '0000-00-00 00:00:00', 1, 1),
(1065, 'cbad5f66f2a1c5fbb834e8577a8dff83', 1, 2, '2014-05-03 11:50:13', '0000-00-00 00:00:00', 1, 1),
(1066, '297840ebf3069d352b30b99a3c30c82e', 1, 3, '2014-05-03 11:50:13', '0000-00-00 00:00:00', 1, 1),
(1067, '019e1547fd06b7ec58f1cbdb8c27d0e8', 2, 1, '2014-05-03 11:50:13', '0000-00-00 00:00:00', 1, 1),
(1068, '9af7050c4fb5838b97661a41a5beaaa0', 2, 2, '2014-05-03 11:50:13', '0000-00-00 00:00:00', 1, 1),
(1069, 'f4e900b2526f6f8c439465733c6e772b', 2, 3, '2014-05-03 11:50:13', '0000-00-00 00:00:00', 1, 1),
(1070, 'df2da40754df0adb12cef157b16f2784', 3, 1, '2014-05-03 11:50:13', '0000-00-00 00:00:00', 1, 1),
(1071, 'a9dbac39606fbee7f8d4d36412507460', 3, 2, '2014-05-03 11:50:13', '0000-00-00 00:00:00', 1, 1),
(1072, '00af173617fe427d076ffb194620a398', 3, 3, '2014-05-03 11:50:13', '0000-00-00 00:00:00', 0, 0),
(1073, 'd2de59ed334421298208ffab74e2181b', 1, 1, '2014-05-03 11:51:13', '0000-00-00 00:00:00', 1, 1),
(1074, 'a51bbfb513eea7f68189966eae58f467', 1, 2, '2014-05-03 11:51:13', '0000-00-00 00:00:00', 1, 1),
(1075, 'e7263f5b46f20c1774ef92f2f40d1231', 1, 3, '2014-05-03 11:51:13', '0000-00-00 00:00:00', 1, 1),
(1076, 'fc138df4418b6748eade015ecb761842', 2, 1, '2014-05-03 11:51:13', '0000-00-00 00:00:00', 1, 1),
(1077, '5c7876cfd887a75f0137892a257ed6ce', 2, 2, '2014-05-03 11:51:13', '0000-00-00 00:00:00', 1, 1),
(1078, '91da96d9164fe4c885fd5131bd6116b6', 2, 3, '2014-05-03 11:51:13', '0000-00-00 00:00:00', 1, 1),
(1079, 'ec67dd631d3981829946e8322ea69473', 3, 1, '2014-05-03 11:51:13', '0000-00-00 00:00:00', 1, 1),
(1080, 'c112cb7d24d2eea09988e613d7853da3', 3, 2, '2014-05-03 11:51:13', '0000-00-00 00:00:00', 1, 1),
(1081, '51920b19379d210b2bcb02b6a45cabe9', 3, 3, '2014-05-03 11:51:13', '0000-00-00 00:00:00', 0, 0),
(1082, 'fbf439615c32fc3bf6f006f18d5e70b5', 1, 1, '2014-05-03 11:52:13', '0000-00-00 00:00:00', 1, 1),
(1083, '92772708d9926ca9c044b598d0d40cf8', 1, 2, '2014-05-03 11:52:13', '0000-00-00 00:00:00', 1, 1),
(1084, 'a1dbb92a41861c031a59d93eb492d39f', 1, 3, '2014-05-03 11:52:13', '0000-00-00 00:00:00', 1, 1),
(1085, '9610a935195f5b43c167a768748af425', 2, 1, '2014-05-03 11:52:13', '0000-00-00 00:00:00', 1, 1),
(1086, '65890da76247c245a050b7e963f8477f', 2, 2, '2014-05-03 11:52:13', '0000-00-00 00:00:00', 1, 1),
(1087, '79b8ea30689b53e82116247baf046b1a', 2, 3, '2014-05-03 11:52:13', '0000-00-00 00:00:00', 1, 1),
(1088, 'b61f4d2a3bb285847572b99b7fc082b5', 3, 1, '2014-05-03 11:52:13', '0000-00-00 00:00:00', 1, 1),
(1089, 'f8d9f84529e538c2b087824802c07a22', 3, 2, '2014-05-03 11:52:13', '0000-00-00 00:00:00', 1, 1),
(1090, '5e06198be87e7e88bd268a3c411a5fc2', 3, 3, '2014-05-03 11:52:13', '0000-00-00 00:00:00', 0, 0),
(1091, '14afc7bf377325173cad7847c4546711', 1, 1, '2014-05-03 11:53:13', '0000-00-00 00:00:00', 1, 1),
(1092, '1951b82efe696e484f93d2ae7651638c', 1, 2, '2014-05-03 11:53:13', '0000-00-00 00:00:00', 1, 1),
(1093, '89734300ce1b974f12b9165c5eb88e20', 1, 3, '2014-05-03 11:53:13', '0000-00-00 00:00:00', 1, 1),
(1094, '5eb353ecd0b2709eb933089e125acf8d', 2, 1, '2014-05-03 11:53:13', '0000-00-00 00:00:00', 1, 1),
(1095, '1d1aef467bae9a4a64f297146f6b6624', 2, 2, '2014-05-03 11:53:13', '0000-00-00 00:00:00', 1, 1),
(1096, '7a95a7f2adb1a87995144074aa205944', 2, 3, '2014-05-03 11:53:13', '0000-00-00 00:00:00', 1, 1),
(1097, '17cd2db1498f5c4a3402fbc1dedf5421', 3, 1, '2014-05-03 11:53:13', '0000-00-00 00:00:00', 1, 1),
(1098, 'f1085a7f14df05862b42e789d93d026f', 3, 2, '2014-05-03 11:53:13', '0000-00-00 00:00:00', 1, 1),
(1099, '72d012850af066b908af729dda1a14ce', 3, 3, '2014-05-03 11:53:13', '0000-00-00 00:00:00', 0, 0),
(1100, '52547daa5b787f97b62ebdcb475817c6', 1, 1, '2014-05-03 11:54:13', '0000-00-00 00:00:00', 1, 1),
(1101, '181db32cecad9cda771811bf77e334dd', 1, 2, '2014-05-03 11:54:13', '0000-00-00 00:00:00', 1, 1),
(1102, '3f19993a3c48dfeb989790f354c46ed9', 1, 3, '2014-05-03 11:54:13', '0000-00-00 00:00:00', 1, 1),
(1103, 'b455160938ac949e8acc57a11d708bc5', 2, 1, '2014-05-03 11:54:13', '0000-00-00 00:00:00', 1, 1),
(1104, '1f6a2c010244a152aa06bcbb77e8959a', 2, 2, '2014-05-03 11:54:13', '0000-00-00 00:00:00', 1, 1),
(1105, '794bd516f07f0b7c1698e92e0e0cdcaf', 2, 3, '2014-05-03 11:54:13', '0000-00-00 00:00:00', 1, 1),
(1106, '35dac7c7e3bd8f4288237f7375d601e3', 3, 1, '2014-05-03 11:54:13', '0000-00-00 00:00:00', 1, 1),
(1107, 'cec249742eede6ae9b5a0ad4d8f5852b', 3, 2, '2014-05-03 11:54:13', '0000-00-00 00:00:00', 1, 1),
(1108, 'a90281965734a8bdd1edbe93ddca571c', 3, 3, '2014-05-03 11:54:13', '0000-00-00 00:00:00', 0, 0),
(1109, '17b332ba38bdf1102e7aa4854bf88ff4', 1, 1, '2014-05-03 11:55:13', '0000-00-00 00:00:00', 1, 1),
(1110, '5aa6fae6ba8295faa07c01e40364dcd7', 1, 2, '2014-05-03 11:55:13', '0000-00-00 00:00:00', 1, 1),
(1111, 'e0a778df03d14e1340f2b6a4214d252a', 1, 3, '2014-05-03 11:55:13', '0000-00-00 00:00:00', 1, 1),
(1112, 'b611a484c6e30dce498ea403b7877b23', 2, 1, '2014-05-03 11:55:13', '0000-00-00 00:00:00', 0, 0),
(1113, '096579b7086f1a0c246603a29db39308', 2, 2, '2014-05-03 11:55:13', '0000-00-00 00:00:00', 1, 1),
(1114, 'c2bad3b1052d07b2766128748a8bdeff', 2, 3, '2014-05-03 11:55:13', '0000-00-00 00:00:00', 1, 1),
(1115, 'a53b7532cea1c9841b725e15f33e7d64', 3, 1, '2014-05-03 11:55:13', '0000-00-00 00:00:00', 1, 1),
(1116, '637bb15102d5f1bc20fe4b35367857ba', 3, 2, '2014-05-03 11:55:13', '0000-00-00 00:00:00', 1, 1),
(1117, '4b8472c6f404ce4339cc9f065cc80998', 3, 3, '2014-05-03 11:55:13', '0000-00-00 00:00:00', 0, 0),
(1118, '7fb377bfdfe0166e1723306f341cd0ec', 1, 1, '2014-05-03 11:56:13', '0000-00-00 00:00:00', 1, 1),
(1119, 'cd832172a6d250b8d34d9f85ae80bb10', 1, 2, '2014-05-03 11:56:13', '0000-00-00 00:00:00', 1, 1),
(1120, '9da06f6088ee867874f528ee1d38356b', 1, 3, '2014-05-03 11:56:13', '0000-00-00 00:00:00', 1, 1),
(1121, '84a8a45b0c8e77c6936912e8cbd9baff', 2, 1, '2014-05-03 11:56:13', '0000-00-00 00:00:00', 0, 0),
(1122, '1ff12244dda5d333c7cf9fbdb96c2477', 2, 2, '2014-05-03 11:56:13', '0000-00-00 00:00:00', 1, 1),
(1123, '5ddb5e8f6e07e8da3ca04005b23158be', 2, 3, '2014-05-03 11:56:13', '0000-00-00 00:00:00', 1, 1),
(1124, 'cd3f1941f91e398d4f47176297a706b5', 3, 1, '2014-05-03 11:56:13', '0000-00-00 00:00:00', 1, 1),
(1125, '2dce2010ea704da5f3e512661f5c5589', 3, 2, '2014-05-03 11:56:13', '0000-00-00 00:00:00', 1, 1),
(1126, 'bf41b53c4af96dbba0a6a55b3d9d1b23', 3, 3, '2014-05-03 11:56:13', '0000-00-00 00:00:00', 0, 0),
(1127, '4be78e5adfad7296aa9254b3bb699004', 1, 1, '2014-05-03 11:57:13', '0000-00-00 00:00:00', 1, 1),
(1128, 'b3dd7b836f4e1b465d1aec840cbed390', 1, 2, '2014-05-03 11:57:13', '0000-00-00 00:00:00', 1, 1),
(1129, '26edb6961f3ee4bb155ecfb96b227287', 1, 3, '2014-05-03 11:57:13', '0000-00-00 00:00:00', 1, 1),
(1130, '5ccfd15c590c85e256e439d48ba38bbe', 2, 1, '2014-05-03 11:57:13', '0000-00-00 00:00:00', 0, 0),
(1131, 'b1b869e5e0d496ec57f32effc7cd69d7', 2, 2, '2014-05-03 11:57:13', '0000-00-00 00:00:00', 1, 1),
(1132, '28d137ae56f460f279d13b666cd2b8d5', 2, 3, '2014-05-03 11:57:13', '0000-00-00 00:00:00', 1, 1),
(1133, 'd505fae7dbc0694d6feffc483986d066', 3, 1, '2014-05-03 11:57:13', '0000-00-00 00:00:00', 1, 1),
(1134, 'edcccc04dfb581941fa8751e54c5f8db', 3, 2, '2014-05-03 11:57:13', '0000-00-00 00:00:00', 1, 1),
(1135, '17bfbe59b56b6f92b7f9255c5805df9f', 3, 3, '2014-05-03 11:57:13', '0000-00-00 00:00:00', 1, 0),
(1136, 'd5c5ba3abb2e808de964341fc8adee87', 1, 1, '2014-05-03 11:58:13', '0000-00-00 00:00:00', 1, 1),
(1137, '2f8640c9ea6e14358989ed49668aedd6', 1, 2, '2014-05-03 11:58:13', '0000-00-00 00:00:00', 1, 1),
(1138, 'f5e7bd1cf1811b593b19a95be1d34da4', 1, 3, '2014-05-03 11:58:13', '0000-00-00 00:00:00', 1, 1),
(1139, '33ad9fa025f62624f219a8173945fc8d', 2, 1, '2014-05-03 11:58:13', '0000-00-00 00:00:00', 0, 0),
(1140, '6c096825b07b308c6732a9660a4ab405', 2, 2, '2014-05-03 11:58:13', '0000-00-00 00:00:00', 1, 1),
(1141, 'bdb65ec0347a0a4c7d3953468001d984', 2, 3, '2014-05-03 11:58:13', '0000-00-00 00:00:00', 1, 1),
(1142, '311f6e0e01bacd836545a6753fab8757', 3, 1, '2014-05-03 11:58:13', '0000-00-00 00:00:00', 1, 1),
(1143, 'dd24d8c71d76f754b7d6d37723936afb', 3, 2, '2014-05-03 11:58:13', '0000-00-00 00:00:00', 1, 1),
(1144, '56634ccce9d62dc393cf719f29a62299', 3, 3, '2014-05-03 11:58:13', '0000-00-00 00:00:00', 1, 1),
(1145, '9069c7fd9c73432d68d221f80575da6e', 1, 1, '2014-05-03 11:59:13', '0000-00-00 00:00:00', 1, 1),
(1146, '488afec75407dee6bcaf8ecea700a508', 1, 2, '2014-05-03 11:59:13', '0000-00-00 00:00:00', 1, 1),
(1147, 'ac42e36d889cb7ba60ebb40f3e394cfe', 1, 3, '2014-05-03 11:59:13', '0000-00-00 00:00:00', 1, 1),
(1148, 'ab44ca7bb485d327958bf9d38439e8bd', 2, 1, '2014-05-03 11:59:13', '0000-00-00 00:00:00', 0, 0),
(1149, 'ec603f72fccbf8c8eb8856fd1d564375', 2, 2, '2014-05-03 11:59:13', '0000-00-00 00:00:00', 1, 1),
(1150, '0a48884009d64f42d7cf367a3de9a48a', 2, 3, '2014-05-03 11:59:13', '0000-00-00 00:00:00', 1, 1),
(1151, 'e204bbcea8728ec539edd14e170495fd', 3, 1, '2014-05-03 11:59:13', '0000-00-00 00:00:00', 1, 1),
(1152, 'ff0abf89e5e44cfc9602bb748cf06a69', 3, 2, '2014-05-03 11:59:13', '0000-00-00 00:00:00', 1, 1),
(1153, 'e883df81d9606283656e603d3acc6a30', 3, 3, '2014-05-03 11:59:13', '0000-00-00 00:00:00', 1, 1),
(1154, 'd8c27cad13e18246e1d66f812bca7292', 1, 1, '2014-05-03 12:00:13', '0000-00-00 00:00:00', 1, 1),
(1155, 'b64595819096dc73abc3b7069936e487', 1, 2, '2014-05-03 12:00:13', '0000-00-00 00:00:00', 1, 1),
(1156, '31aedef149261740a52c56b65b85c4e8', 1, 3, '2014-05-03 12:00:13', '0000-00-00 00:00:00', 1, 1),
(1157, '90635b3f13091db04de9734cab323aa2', 2, 1, '2014-05-03 12:00:13', '0000-00-00 00:00:00', 0, 0),
(1158, 'c774410789c851d36a3fa2dae4974e9e', 2, 2, '2014-05-03 12:00:13', '0000-00-00 00:00:00', 1, 1),
(1159, 'd482aad25484bb65a0d9f920a6984778', 2, 3, '2014-05-03 12:00:13', '0000-00-00 00:00:00', 1, 1),
(1160, '6ae8c1538650c6e38ee3077da84f4f8b', 3, 1, '2014-05-03 12:00:13', '0000-00-00 00:00:00', 1, 1),
(1161, 'c30be9cbd8ba8302faa4be284146f974', 3, 2, '2014-05-03 12:00:13', '0000-00-00 00:00:00', 1, 1),
(1162, 'c841246a6699f3b6454ef02d5fc4a883', 3, 3, '2014-05-03 12:00:13', '0000-00-00 00:00:00', 1, 1);

-- --------------------------------------------------------

--
-- Структура таблицы `flags_info`
--

CREATE TABLE IF NOT EXISTS `flags_info` (
  `flag` varchar(128) CHARACTER SET utf8 COLLATE utf8_bin NOT NULL,
  `info` text CHARACTER SET utf8 COLLATE utf8_bin NOT NULL,
  PRIMARY KEY (`flag`)
) ENGINE=InnoDB DEFAULT CHARSET=latin1;

--
-- Дамп данных таблицы `flags_info`
--

INSERT INTO `flags_info` (`flag`, `info`) VALUES
('0010c685916d4c97b2d367e0498511d7', 'none'),
('002459fcd1d8d7a6517835e44a8d267a', 'vjxvxxupeu'),
('004ed086ebe1cbf9849b0689f1207e96', 'eTBxYnA3bnRjaTsx'),
('00af173617fe427d076ffb194620a398', 'none'),
('00c52fa821ddbdf896156ea60a8a93ed', 'none'),
('0149d4dcee3ab5cc1721e833d540d354', 'r2ub7xro8q'),
('014e0177d4f6f3d0a7ee3b243bba6cda', 'wlzxghdizn'),
('0169f8e52653a0e5fcd9d0ee7ce25549', 'M2MwaHRvMGRiZjs3'),
('019e1547fd06b7ec58f1cbdb8c27d0e8', 'oxmlgc9303'),
('01bd60de1b2fe7830576e95d06a1950b', '94jmovqgss'),
('01d6c7fe74ff249d18e5023e3261e793', 'none'),
('02663a8fd545c16b2a2f7b4d694bb0ab', 'none'),
('02b6779fdf37799d3d55ee7137628ebb', 'none'),
('034bf76f5c237ed3c7e2dc4c2c13d6b4', '74FM8oSVqp2kcCl85jdExvTr74/24w=='),
('03535663662bd0d09af2255dadef6314', 'a2ZtbjVzaGI1Zjsx'),
('0391ab2d724bd047ec50c660a6ffaa05', 'none'),
('03cc56a8ad1a0b6e2bb791d155aa58e6', 'b2hkYXFjNjloaDs1'),
('03cc82c594d803a2a83d8fa1c17e7c8f', 'none'),
('03d31a13a190fb495d271890cddd5794', 'pG0XkYKSgPplX7eBarlNgOP69Y719A=='),
('04b479d4a257000c909d5f9c567210a0', 'nk3o7yov2h'),
('04c32e10ee96a7f2fb096e8a7b7e02e6', 'fx8miu43pl'),
('0516ab7f885ee6359eda1e43e8d43ecd', '0zmu66rji5'),
('057051a1ae53b72892944805142390fc', 'eG5wbHI1Njc5ejs3'),
('057c20e0f4cc1be67d73d1453dfb7d03', 'none'),
('06687bb2f6dcb4682f2348b29e8d4692', 'fX2UKZmO0bkF7xhU/SlgWYzh64vs8w=='),
('06905bdc3ca060de1fa739825ea9a666', 'cp1sd5ggti'),
('069859025d7f0aca1098ab70752cdafb', 'x2se7ktpk4'),
('06f75e74fb04141fc5ab0a5efe94b61a', 'none'),
('06fa8fcb8850cbf35c37233f96486ab4', 'none'),
('07138ab310c165136b7700aa89836611', 'VoSxZBVpFj61gOq6FVO5sIj09fDziw=='),
('078f49cefd7b5de0ba5aef2913bdd613', '50h1420n88'),
('079b8b07577ea562462ee1f3eadbaf05', 'ulodqeywto'),
('07a6e0df870208841c11973ab22f83fb', 'none'),
('07e6cbfea826f3a2149d85653aaac0c3', 'ys6vhdelw4'),
('07f3cc5b9fb7c9d634263c68a858771a', 'po712t5z18'),
('091e2b4a94388727cd11f640f9864758', 'amprcDAwZG5udjsx'),
('092055aabab01e513ec92c1f12330f89', 'Z3J3bHlmeHRyZjs3'),
('09647cd0c72dff2972d8cc9c4918fd18', 'fbtbwrr98s'),
('096579b7086f1a0c246603a29db39308', '2Utnkplhbfx+WVj+gAR+S+OL7/2I6Q=='),
('099fb5bf723e2ed237c81861828af920', 'uI2JkCuEEIJDULgA22lLzOj19Pjo7A=='),
('09ad89a745b52cf38d1aa884e5cf3ba7', '34r6yvkk4k'),
('09e327fbb341c1fd3f532b01ba06be42', 'tqs8ud9uzc'),
('0a48884009d64f42d7cf367a3de9a48a', 'aG40dWs0ZnAxYjsz'),
('0a8e6a8a1a570c1dc621bd4adf3a4198', 'hrfpn10ly5'),
('0ae3eaee77050b4efd17fd413ae7dcc3', '8deptorfo1'),
('0b76fbbcaa3b407523dc2eeb9c58b16d', 'a44es46vm1'),
('0ba3f755fa8475a90ce72d2bc17f6a02', 'C2FxY7WxfktFGT6ttcE0SvP46+/6/Q=='),
('0ba71b2380ef3989c4a0c1df47b8b61c', 'none'),
('0bda020ef05c14c446e6a2d0109638e8', 'dtGpxpT40VqZD4U9204KfPD96+/t/Q=='),
('0c5418d2e1d5454a595608119cfea946', 'NClWnU401PcGeUEmZagsdenx/P3y/A=='),
('0c63c673b9a2d3f797b35c112f1b5566', 'x05zipANc/lqQVGSngFqU4+C9+mN9w=='),
('0d606c9235392c959c2ff125eddbfcfa', 'none'),
('0dfe37493faa78448de75a420cb19a44', '0lAJnW75sQr5wE2FcXZs/+v8/e7h7Q=='),
('0e2c6fd7b65f664e398689ac76546a6a', 'azZ5ZWVvYXZ5Nzsw'),
('0e34d708dbd98500b6bb170630e9c419', 'none'),
('0e3c4ae50e94c963d29ad59b2f6658ad', 'PeDp1KtZ2vgcXOQN00MD4O7r94z/4w=='),
('0ef74106992a5953a66ea6d268f2f061', 'umBg6ZmEnvcSJ6yXdLQ6+PXhjfn46g=='),
('100e0127149c2fb96f5581b106da110d', 'mwwpon2DtL0F40UG8IayCPXt7PGOig=='),
('10e108e946c80967f9173c05adddf308', 'MWRjYXgyZ2NlcDsy'),
('118c6a53f24167e24ce391a67da566b9', '0eo46khg57'),
('119b446a46a4f048b334c0e2be066e96', 'none'),
('11a2660c1d6f6b5a15249ebac8175fcc', 'none'),
('11b870b865b90965f88e56518de7ca5c', 'zn79dcarb7'),
('12126f46ab8aa187a3803ca0892acc9a', 'jipxqdgg3k'),
('1227c1de7a8401de9a747827a592d857', 'none'),
('124d7ef8964aff68c1de072ee87f52b5', 'VCDMMUvfKMOJCoM+MuJ9cPiC8eiI4g=='),
('127d1990f5f71de5f33ce17b9922d7e3', 'none'),
('128f10b898e1ae1d90c26465bbfa0212', 'none'),
('12944092072a9f54b149f418e25d375e', '2d7yqd37fm'),
('12e8295401b06d224f60cf2479a902ab', '2/6caJim0tGFlxcAa+9omv2J+ejviA=='),
('131319fd6848b1b4c8c30f028507c169', 'none'),
('1351fc2128e41a74e4ff7958a7f4d1de', 'emNtcDdyMm1zaDs1'),
('13532e7960e63d8689f9829695f3eab9', 'mh+Sh0DI+NJ9hWpVcSelGu2I9YP04g=='),
('13657542ad43e7a06cbda1ff8e8bc275', 'none'),
('138e4a8bb134d7f8fccaa17e895661f6', 'PoPPGBhrfjnL/Oe4fVTHzIr5iY704w=='),
('13ab1179e07ebfa53d60eb665e4fff91', 'YnlienRicjNlbjs3'),
('13b11e570af17116ec620f0a98ce18fd', 'cnk3M3Z2cTJobjsw'),
('13e67173996e664b09a6d05e47641e5b', 'ang5anpiajJlcDsy'),
('141cd56d22fa570c17286e59477e1564', '0trjmj9wur'),
('14702fb2996f1147fe3ea401c7f7ea5b', 'none'),
('1493b176342e01b43f52ac84ef6180b1', 'PUlrfEexPveMzWJ4vVUu8/z3gv7sjQ=='),
('14afc7bf377325173cad7847c4546711', 'vocsx9mnfo'),
('14e45725755ed9c83fd30d9642df6bf9', 'none'),
('15910682999fc244e631665009975d08', 'ooeko3qg81'),
('16007347dba97387d905e463dd0c2c2a', '7194nqi7q0'),
('1775325b70a6e7b083806bfee591c071', 'none'),
('17852d908cc5557ccf43a10e8a29ff9a', 'none'),
('178b5d920c346f9446ab08afde0ed2bf', 'djF6NmhlYjZmbTs3'),
('17b332ba38bdf1102e7aa4854bf88ff4', 'lgzo5x0ylk'),
('17bfbe59b56b6f92b7f9255c5805df9f', 'Z2l2MzY1M211NDsz'),
('17cd2db1498f5c4a3402fbc1dedf5421', '43b8rc6r9i'),
('17f76fd0a49dff98b42d62b76cb6946c', 'none'),
('181db32cecad9cda771811bf77e334dd', 'WEneOibaJKqbAe47Potve/3v+vrh7g=='),
('1843a74bbb245ae416416422b9215b08', 'none'),
('186b6ef11345bdc9b87655f42a66bea3', 'OTg3bDBudnpwdzsz'),
('190aced176e118a7738aa9bb3ca13d4d', '/m8yxH+I0d4ehUcNleWpbv7viurt7w=='),
('1939b8aeb1840c3f20839cbeceed9054', 'd225sjqham'),
('1951b82efe696e484f93d2ae7651638c', 'vS/ZUGFZajMrGskuV/FweI3x/fGN6A=='),
('19ab646d7c196295a85d39f51ad04eef', 'kfiwp6j66k'),
('19c49838cad99a845e49e72bb1262002', 'TU5gogIZSvnh5W2uzRgBDIqNiffp+A=='),
('19d8af96bdb227ba7e07ff991c0d0d4c', 'lj8a2khif4'),
('1a509d5b560aa726c32d0295e0f8a608', 'YWVrNWZ3ZWUybDsz'),
('1aa6915a5a63ced96068045bf5033c45', 'am56bHlkamx4YTsy'),
('1ab0dc2b29a7da77ce1af304b209aa16', 'd3NwbDBjeTdibjsx'),
('1ae612a1aaba22fe669bc779ff07f569', 'none'),
('1b3038ef911dcda4cafaaa8bf846c74b', 'dTY4aTQydXp5djs0'),
('1b9463b0f611b12e3de82ac30aedf578', '8WWdhSHck6hyhwtBGl2qGPnp94yOiQ=='),
('1badd9ac42efa5055dcfe6484a1fa2c0', 'OHRyaGg1cGl1MTsw'),
('1bfb802d7ee2aaf6f0b77db9b2c87f0e', 'none'),
('1c2dd2fa1e19341fc0804e860693cc94', 'bil606tn8e'),
('1c84f877c2aa8063fb64703d439826db', 'boir12osbv'),
('1ca52e31ecbfea4f58f71b5e639347fe', 'bWRwNXQ1eXg1Mzs2'),
('1cb03f70078cfa73ff21ed057ac89e01', 'mGsluGCct9oJ+VgZ8+G+Eurw9v3piQ=='),
('1d0c81a96034b3c49cc64e57a3abc7b3', 'none'),
('1d0e41bc979358f2ae12223c71efdefe', 'NGI0NmJyaGJkdDs0'),
('1d1aef467bae9a4a64f297146f6b6624', 'uVGgJWxdbk1Sb8QqU48JDYn8iIjz7A=='),
('1de3e7a25ca2f6b370ed8a844ef0d12d', 'doxzezqqq6'),
('1df8846b6330bd6359f8f5c4b99b034f', 'px4v98h7mi'),
('1e086fca1325cdaa888daa5db2f5b366', 'none'),
('1e8892ff2da47b534522f274c5ddd699', 'dTFzeW4wYW13czs0'),
('1ea46fb135977b556da3e8b0789de721', 'cnhlOW1nOGd4Mzsy'),
('1eacc7ec1d230f36c7670e1192324d75', 'pfbziokxy6'),
('1f05def70419e27920b76f4c9b5770fb', 'YncxaXMzM282OTsw'),
('1f05f4b9dd805451634b51f97ff0cbdd', 'none'),
('1f10a4e73349ce46e58d62425cf2f2ff', 'none'),
('1f259f3c8bb922bfc4b3e4ec07cb9f43', 'edqv24vnhj'),
('1f398519529aada129e45a65ae858204', 'ZXc1eG4yams2cTsx'),
('1f5fd52143df51704a3dbce63bc45621', 'ApA/uZ/5aFclFPvlYL3iS/b67oro/A=='),
('1f6a2c010244a152aa06bcbb77e8959a', 'NELNLjPMSKGIFfstUoB8b+v67unqgg=='),
('1fb2b619c1c5ff4a272c71286c3c4c5f', 'dzU1b3FxMTNhYTsy'),
('1fb39659b043414ea79ca14301347654', 'fQSJvq7YA4GHdon1GyOG5vqJ6Ynz+A=='),
('1ff12244dda5d333c7cf9fbdb96c2477', '3TAYjpwOaYcBRV2RhH8BV4yO84Lz7Q=='),
('20102a6a15c7d8d1eac06496c1cfdf86', 'gyfl2nv4f4'),
('2015d93b07128ce313403d35b62cb5e9', 'erxfv2yypo'),
('2126e11826401644db530f5c518dffd1', 'none'),
('212928b77d40b5116b897279ada47b4a', 'none'),
('212b7d73b13fd868c8fe180c6d8ed02e', '95vlzketxg'),
('214da70f5e603962dd765e2afb8eb8f5', 'bnI0bW15ZWRoajsw'),
('2156fd32f1f92cabf09b040d0d9e9a9c', 'de7fsvzwyg'),
('2236e79d4f273da45cfeac7a388dfe76', 'i367ovcq0g'),
('223dc0615f3aecc32e0eeee0c6cc1046', 'none'),
('22759c5091c35fb22babd995712d7a10', 'hhurrec8wq'),
('22ae30342fc22b74b4f71d189eecb449', 'ZXByMmZzaWE5MDs1'),
('2310c5b41d7bfae4b179e9856e0478f5', 'dnQ0MXFzejhjazsx'),
('2310f7faf66c29d2d31ed6b8bee22c13', 'none'),
('2321f29be04738d8f6d92727020bbb15', 'Z2RrbWdtNnRyeTs2'),
('2328b6f510717a2821f352fa9a09a208', 'jwxc2fla3c'),
('2361ce5b351d06cf003cb2c40a77f11e', 'ib4l9ac5n9'),
('23c8eaf490ebdad386de1077c998f369', 'ib1a3k22gd'),
('241eb7af5b38fd841263413506296941', 'bjFuNTR4anM4ajs3'),
('243d5f1e7b7db5831eff91ac20b78872', 'none'),
('24582266e2067a9bfb3d189993dcc268', 'LoXDfh8Ubj/HmuDHbVLLqvX+74Ly8w=='),
('24854d4b549951f10b4aacb5de369947', 'uY6B7ybuEYFLL7Vq2mpDs4L4i/Dr7Q=='),
('24a861938b5c7ee7ca63bf0e94c9f596', 'jcyy7og0jj'),
('24cc2a2ea234dd9f87801156d7dd56d2', '/bhYVt7vAM7Tgij/uf7b2oKP/fryjw=='),
('24d205478db08d8270bb9967c3d854e8', 'b4dmt3r7zp'),
('24e314265b71ca2e1e2a1bd875e179d4', 'nrpNWqmPY8zGjl+f2vzO1uL48e/w7A=='),
('2518c20e8f5778814735861ad26e04e0', 'none'),
('252b92e3db57c904bcd8a426faf14388', '3d6rdo7c4g'),
('2545789a98191b977a68ddd0c23a65ee', 'dgjp1MzKCI3nHOvnEC/mjOjrg+n/8w=='),
('2587e4a62aa7d54c59bd6f057cb8cadc', 'MW01cGd0NWM0ajsy'),
('25a0297f477ef02d4ec07f3587076bfe', 'hb4i8hz0uh'),
('25be2ac2cc0a4b6e889aad38c3e9d316', 'none'),
('262352dce4010a9db8f0ebaea0ecba34', '172zfgcwdj'),
('26edb6961f3ee4bb155ecfb96b227287', 'ZWdmZ3BjdWI3Njsy'),
('27ba34b2134ab6ce98831bf98f2f77be', 'c93Fp+T61Fb1bvU/3kJmHfKNioPh+A=='),
('27e6c3d068c65acc9f1047e06a978b37', 'aHV6d3liazI2eTsx'),
('281216449d40fbb77cc83875b07178d4', 'none'),
('28172b3153d525a9bbfd9af884702fac', 'MnYwZnJ2d2t1Nzsw'),
('2824e1edf89a0e6589f6e2f648090c32', 'zqkdzyztmo'),
('2835240540378c3af422900f3717a7df', 'Ip2raGgJYievjJfaYUqjvOiJ+erq/w=='),
('286ce2e81b870a5a2395b1d6a8edf193', 'tq7ldnkyi3'),
('28b4792af4e55c5eb249f2ac2cd06928', 'MjRxMzZuenFmZDsz'),
('28d137ae56f460f279d13b666cd2b8d5', 'bmUxN2txZjlnejs3'),
('29040523ccdf9a4cd349198853c16455', 'none'),
('297840ebf3069d352b30b99a3c30c82e', 'ZTRueXR1bmIwajs3'),
('2978e780968fdc4faaa4d7104b846d50', 'mbyv0kozph'),
('297aa26fbc268432da5a4faf6cae5e80', '9RzT5pK6svzqDl9EwPNZW+7q/PmL8w=='),
('2985c15684234742dd0f0f0e07f69556', 'oy4scfe368'),
('2a165a0e179d67f0c13bf0be08a87e7a', 'j9128eip8d'),
('2a2ed11424dedb1128b50c7861397396', 'MGkyYnN5ejBvYjs0'),
('2a55ab52d6153d722346bf146a882f16', 'vf48s0aou4'),
('2a6760432f2d2627f36bb0bb59eec833', 'KJXDEgocaC/H9vXPa0LLxv3rg4Li9Q=='),
('2a71080fafe78cbe9b999ebbd4ff58de', 'none'),
('2aab6fcca4e6a281e6c187acebccf45d', 'sn0un1ov14'),
('2aaea298f078d53608d47c5a83fe24e3', 'bGdpaGI0M2drczsy'),
('2ab7ebc8eff44d7fdc85f2e6283aad26', 'ZW5mYTRqbDFiMTs0'),
('2bc13ec9c8f8263acd96bf8486ab6b0d', 'MO+dqLhb1/doIPcP3kx3nOz4i/jw7g=='),
('2c6cb92c71f79c4daf4c8df28b575cdf', 'jwdl46ih0x'),
('2c7a47084927d0b88c54ccf23cc86c87', 'YnY0aHJmNW0xejsz'),
('2c8359e259baba2c4459612e556c87ee', 'xkqebb7uwz'),
('2c9689a72d87b586e8b4da7d35667272', 'awrspc/YFY/ibej1DS3j/fro8uz97g=='),
('2c9c748792bd93f042d9540af705fe23', 'em9iYnY2N3A4NDs2'),
('2d3e1d423f58e8fe8ec47305662e733e', 'none'),
('2d461092de8d6ce959399dba6e0611c7', 'XZSYfZuEQFUp730U5U0PWePog/iI4g=='),
('2d5a125db25c67c07f6ffe2ad9ceae15', 'xI/ULJkyUrPbGMJZbx0gm4n2/4jh9w=='),
('2d5defee3b26add5b1abb92f4bd0f0e3', '5oqmnnev1y'),
('2d8990016cbadbfeda67887859e66583', 'none'),
('2daaa60991c55f6211920d5257a548b5', '0d3i3o01u6'),
('2dab9188f7b8bbcad33b58fbafee5905', 'none'),
('2dce2010ea704da5f3e512661f5c5589', '//w79YXtuuDTdygE9kozwYzq6PiL8w=='),
('2de75aacb755c1c662835d96a6f30a56', 'XzYSuHR4XeqSz7g4FN6g9f7siOz29w=='),
('2e300f51865a81c0de57373130237b4a', 'YWo1cmx1N2pwMTs1'),
('2e3061acfb3071d32ec384757f2c3bc0', 'none'),
('2e3c39f4c1a882792ccc912b04d8261e', '8QcqWH6AiFu5/igEEkdRr/KP8+GKjw=='),
('2e54cea7b5c72917750677358c8f7869', 'aTFvbjY4MTlrdDs2'),
('2ee317e67a1da85ec5e8900b317d64f2', 'h39EUh+P/iPX9EkLZD8/pf3u+Y/y+Q=='),
('2eefd29e67d2b1e429157cd8b148218f', 'none'),
('2f8640c9ea6e14358989ed49668aedd6', '+FL1/aNPfQptlGmssO60A4KIj+H3+g=='),
('2f90fe3977db46877d7099332393a0d8', 'b3RnbnQ1OWQxbjsx'),
('2f96bbafa5f374b500ba96883e0214af', 'f1k2x8ht17'),
('2fbbd9b166f755f5a0603233c8690957', 'tcroxidrto'),
('2fda1972ccdfc8edadd620a3621e6ce8', 'none'),
('2fe8b564ece29b6c26b6f66c5fab7964', 'm7zzghx8st'),
('300356a302047788810012b436bc943a', 'none'),
('3004166e804e8fbc6be87f0d9d607f7c', '9dbwg8sugl'),
('301c23362634fdc623dbe35f5178317f', 'tZNRoeTtlO9gqFKjCPmVBOOL+ePs6A=='),
('30ed1ab00a3b80413fea53bc8f2c4f79', 's1Nt6GDm0AmdtUOaEHUIivTyiIrijA=='),
('31007f0a372a8dc87a0a672b375bd945', 'u/r8fu3QstXlgWJ2C+sIjIv874jr6A=='),
('311f6e0e01bacd836545a6753fab8757', 'p2riuern84'),
('315e9e2fc45cfc52752b58cf4b7bbc40', 's5meru7buc'),
('31846fda992429216649dcddc463acf7', 'none'),
('31aedef149261740a52c56b65b85c4e8', 'b3lpbmU0M3lrZTs0'),
('320533c9881592b80292a48bfdbba31b', 'dr1fisdg18'),
('32a11a5b08544f7d72bd41f04e3a9f4e', 'YjI3aGRtdWpicjsz'),
('32dcac10edadda8d0c4bf08124ffe58e', 'ktdeylw82p'),
('333e17b2cc6ab9293523616cb4e8dd6a', '931EWBuRjiHX/k0VFD0/r+Pq84/wiQ=='),
('3350c10ede3dc8af5b8ff0baa753bfd5', 'S/hqTlfgYDwouDBLdnW5Afb+7PL97g=='),
('33ad9fa025f62624f219a8173945fc8d', 'none'),
('3492f6656d421a47416a47abc13ed358', 'none'),
('353c8a8d5445db50514db8d062364b1c', 'cTVnc2Nzd3k0eDsw'),
('355e00976ab86e4e954aee5a658f57fc', 'wvm7dz3r9c'),
('356017fa918c3f0d0c49a52c64e9fe74', 'uoydjlCaEoNXTsMe2Whf0vaO6uzp7g=='),
('356adc2a49d3b1b03bd481f0bc23bbca', 'dzVpaDRrM3FmYTs3'),
('358a3f85fcfc50b97b86af0d96a592fd', 'none'),
('35b71310df9cccc07676ab15720c9885', 'F4FAuJXgfUZaFfH8daydSu/w7/X56Q=='),
('35bc0c84bad53e0b47992854bdff766f', '/DCWGoOhfx9Jyxh5+DQM5/bp+uvzgg=='),
('35dac7c7e3bd8f4288237f7375d601e3', '7b8kexsadz'),
('36526e9069c4c02c3c5235f50f3a7865', 'k0/szMmJO1rJnFCHb0A/k/L4gu2Kjg=='),
('36aedfca8e80bd1a391c20bcea222d36', '8unldeo7kh'),
('36c86d2b8999571aeec3285aba8f34ce', 'ghqd19q5t4'),
('371ee97e2b3bd77f1d13c10df1272f7c', 'pmte44yfkb'),
('375b33e0b9819f4a79f214bd5207e82b', 'up3gvzt653'),
('37777fd25449ac6076262d53d72a927a', 'cXY1aHgyNWlmZjs0'),
('3869b7b3a0a352bf9ec382fd0a262467', 'JMFNFH9QwI4aQx9xb9K5ZfmJ6onvjg=='),
('38b6ccd4b4efcac6a8de5e2027bba269', 'rUQezGS9Fark4snzuFrUzOqD/PXp6A=='),
('38baab709bf20092e20d37b9c78c9187', '7c1gzig8mn'),
('38e02fbf4505083f8d4184e976362c29', 'nk32xb+YNljTlSaWYkIlmuOOi/eIgw=='),
('38ef3226489461ce963240c3d651dddc', '38bxp4bwco'),
('3908f69b005b91934a46b8655c779cd0', 'none'),
('391ca3e7abbcce04074dd4abb234aca1', 'AkR18ydlMD/l7DjvEZxDeP7tjIjp/A=='),
('3920599f6efbecc2f62b258cccfbeec6', 'kzGICJC6EB5X2QtilzUS9e366PXy7Q=='),
('395935b212a1d9f3d713411d5291157d', 'none'),
('3a21b8432c61fc4aaa42b42625960fae', 'g87hsw7fti'),
('3a30c02ffb950275b77c331d04c64b11', 'L0Mi6CZn/3rNNlXbzetiUu3jifWK8g=='),
('3a49531e2803d2d1a329b7ddb85f79b8', '2w71k77+6fFvLkIKqZSjpPiNj+H0jw=='),
('3ad3650f96b97682125df197e4846937', 'NmIwOTM4dXZyODs3'),
('3ad509f914e5f9bed153b4bb5f6c55f8', 'kxcqn2n3au'),
('3af746fbd31973a78031a2c94f287194', 'MYKgnGBxiWxp3FgmYt9b+eH88ez2jw=='),
('3b003d377dcb67d33086404eba230c18', 'u5WPiC+RE5pFSLwV2HFN1P3x7P7w7w=='),
('3b7023358050dbd760009728e7695407', 'Rida6zdRpvkKDzhDF6YgA4yIivH8jg=='),
('3b73c54c366df3d399e4f967443e049c', 'none'),
('3b75583e486b18781da8833dc145ebb8', 'hfqbz0tjjb'),
('3c35a9ffcd632aa1e0a766d7da842246', 'c25kcW9xZWtxNjsz'),
('3c4227e953e348689e801552e4e39cd9', 'none'),
('3c874655f910573d8419abe846fe39d5', '2vmm7kysnp'),
('3c9359aa852d5f487f56462f1a5509d9', 'VE4fz3FnVpKfuL0nH6atguHp/+GO/A=='),
('3cdc6538ba62eadfeb008f949156b2dd', 'd2JyeHBxOWh0Mjsz'),
('3ce36d1097186d534c700e991b353359', 'tvv50tn7q4'),
('3d615173d17a99300930412cfa72d37b', 'xnkkapwixp'),
('3d93b060a73165552d12e4bef4783196', '7n30nt20ye'),
('3dbeb0e653fd76037e0ab5e3562ee30c', 'none'),
('3dc44158c5800ab85ce66c78e18d22cd', 'NXRjaTJjaDJqYTs1'),
('3dc843c1c8cdc01d74fde4a9497ee771', 'none'),
('3e07f82cb30c3de955ef32a5dff3756d', 'Jz8/gyYJ9wbQXVW1xZd/OYPj4uj2+g=='),
('3e2daef0ca033d53a67bf180dd61bf8f', 'none'),
('3e6cd6cb1930c9b9aa9814985238ade9', 'b2J5ZmNldXNqNDsy'),
('3e881ab5bd6468162e16d902a6e07055', 'umdj40sqjb'),
('3ecb2fef7aa038329d95e2ed770cb8f5', 'zjexdwoknx'),
('3f19993a3c48dfeb989790f354c46ed9', 'bm9uYWRkdXgzZDs0'),
('3f3e8074126bc8afc8f17dca447717ba', 'aXhiNTI3bWc1Zzsz'),
('3f85461e49ce54408e4736d0fcda7698', 'none'),
('3fb902929a68b70c98543f26267a8dcb', 'f8o9a82jnb'),
('3febbcb6ed2b435c487c9b27b2c21b2d', 'none'),
('402b38e31fd2908e377ce9b6e3921ceb', 'lzKcGOXUFB1DyX4MkzYG5YOP+OHx6Q=='),
('40438190e37db1b9f5eb374a055f8557', 'vcyz45qeeo'),
('40a124a8f90f456f62c2e79fe75614d0', 'cGttcHNuZzl3OTs3'),
('40d4f49c66da81d5bcedbf69fb2e2d55', '3etel9t2mg'),
('419b321a815af8f64cc674d49a8d538c', '8FnijNRGdQF65R6luOWjcov//vb88g=='),
('419ff4f3c93197819f414b0c78558823', 't476ijexg2'),
('41a50ee794131365e2b95fbcb5bfc9e5', 'rHvFAcTze2dD/m1qvbFivYn5/vTw6w=='),
('41c40cd49058e1b23cb3b92df455dd42', 'none'),
('41e71d5ae6141a6fa8fe4fdd39cf83e1', 'aGJyZzF1cW0ydTsy'),
('41f9b09cb34b22d359a21cadf40ed2fa', 'bcmke5lryo'),
('42b9602d1651666c58e490d913395f0f', 'hrizot3cri'),
('42cd4947e8fa98e32ff2529179cf8adf', 'vk6myl09va'),
('42e2e958dc88f6b2a19f50778f4c41e7', 'none'),
('43200af637614ffc93259ddcc90dfe96', 'N2M5anptMXlnMTsw'),
('435666ffe6212efd6a31e2b558c5071f', 'wiv9v8ltjg'),
('43604e46f7db1cd23cd7e8ad213b28e6', 'MlN8fVikMe2bzH1tsk858unog+n2gg=='),
('43c81bfb06e1b5d304bac0c9b02236d5', 'znq0j0mtya'),
('43ca04cb1fc56a4a8a60dbb58f1d77ed', 'umn21gphu3'),
('4406f82f1c8257e22708b099def52d7b', 'none'),
('4468b85be58e89d587b436d97ccb7d1e', 'NXI0eTZvbHJ1eDsw'),
('44b9960037e600408b6ab6813c7d387c', 'zuezkqhyaz'),
('44ca536f4d0dfdc0c49668e5160507e4', 'isqyqx9l0a'),
('455704467524809fee5b217bef12aa6e', 'pcqg2dmfcm'),
('4577135a6e104190e2ea004b59685584', 'MmhmdjF2cWM3dTsx'),
('459f83738aa15ddf3c3269488e86b851', 'ejlsa2h5Nzk2aTs2'),
('45b219c1a3ca68d055b35d2162ba7b27', 'XKIoAHxVuO1/Vxx0F7HccfyK/uyM9g=='),
('45b33e1e74e0c5e055c6981b89b60ea9', 'q4sh4ea2o8'),
('45c86f411c4f7daed1e714d046cf6256', 'yn38p4n8eu'),
('461445508eba5981de970f60924767fe', 'none'),
('461c261bf6da8a665a3e0deb4d46806b', 'none'),
('464ea7f2dd18730686aa01dfe4fef6b4', 'pb4l5qx6xw'),
('46b6ca679c24df3b66df9cea9c9cd6db', 'jvc8p81a56'),
('46d45a847c85b77f2bade100f61577b8', 'n7ujjf1qcg'),
('4735c3bf40dbdd7a2227dc1a72e19c4c', 'none'),
('476863b377a14011edf0b498b274be07', '6tpt0fw107'),
('478d0ada8bc4fac3fd3f993f4347993b', 'dGRybml0bXM0bzs0'),
('47f2c9d8e8575808e1400a66841f931d', 'bGZ0dno3c2F4Nzsw'),
('47f37b1a1da4c88f0883917309c7586c', 'none'),
('48691bcfa95914ebbd1690682bfa8539', 'WR8DdQVl4F8Qup7hs6Cop4Lq74r8ig=='),
('488afec75407dee6bcaf8ecea700a508', '7pY+6OOCq4rWak5r5yA23OOM9f3h4g=='),
('48fea2ea5c34ad16e4a44022642a1565', 'dGtuMzZienhqdDs2'),
('490001be9ef2b75b063c0870611528ad', 'dmRubGZqNmJtMzsy'),
('491cb7e7181365560db6030f4f489e61', 'oiu2t3dw1u'),
('4950ac86761f705a445a032e0a0bff4f', 'YzZsMW00cHR0ejs3'),
('497b647c2d192fccaa594e01cc170d25', '9tiszhwsrj'),
('49831e92490e92556ab840ea4cbb454b', 'djMyaG9tbGg2bTsw'),
('49a085ce0e0dbb83f0a4385b309449f1', 'none'),
('49b2ae677584643fd65ae5ed69d838d8', '36ba2nfqt8'),
('4a2ab27fb36fb0af40f2edf81cb83ba8', 'none'),
('4a4d1f41faa96cf38fb949fc94b5b203', 'hthl9esdus'),
('4a97087c6faa2e22331be5f7375a039c', 'ysw4gp1icu'),
('4abc53c17664452188aa843227148fd2', 'la1fz4xc3e'),
('4abd37df1e175bc5fa47c68724158add', 'tvNGp479l493rjizC5mCAvPh//SM6w=='),
('4b14cb79d35f0063188ac6574deeec41', 'M3VjcW9ucmMweDs2'),
('4b5a6ff625aac844f481246c7a74b639', '8mmyQGCGewxMPejlU1HrP/Tt8v3w7w=='),
('4b7d788e7daf0178cc6376e50729b8a6', 'hv1sl4fw9b'),
('4b8472c6f404ce4339cc9f065cc80998', 'none'),
('4be62b3772b405d50de27e8a92aad56d', '44ckyzu7wt'),
('4be78e5adfad7296aa9254b3bb699004', 'w93umod59v'),
('4beb3e3870f726ed96601a09b7235109', 'h4zt972je4'),
('4c2c6c07c9eae05eab46ab520a9c51de', 'none'),
('4c3bc6eb3dcb14dca168d52b86b83a70', '6rmmwzv0rh'),
('4c9200c3256709956fa7ba090feea5a0', 'psmnucvioo'),
('4cb658e2faacdc27d698b18b047d1b74', 'f4lblx2ph8'),
('4ce7110446f2386ee452684ceafe45cf', 'MGc0N3NrbGNleDs2'),
('4d19480fa79e142f7f12706e1b6cf9c9', '6grxueyjpd'),
('4da56d48f07b34444a5ff8c43a800437', '9l42n58ge9'),
('4df4df8962cf52f8b2f3b185cb898413', 'c2V6ejVzeWMyeTs3'),
('4e1d5bc59c0d4c7488fcc37fb3e5483e', 'uuzj4q8x4b'),
('4e2409f87e318da551bfe759def2a258', 'pme5Hr+KcXs/4RYTt60eovCC4Yjs4Q=='),
('4e301a3c70310b03c5401d8a2553596a', 'Y3htN3l3amE4Zjs2'),
('4ef66d0d3f5d6293f562c884626f223a', 'none'),
('4f0102bb00b30814e138263f2ccf7465', 'rpr7lSSSBpUxVbcWzX45yf768Yr/+g=='),
('4f0b63b636dd0ca5e06443c912a5e917', 'none'),
('4f1003c55f779ba8bea8f867840f8ed2', 'none'),
('4f470bb33eb77c450773f771a0154021', 'none'),
('4fd463d1da1fd270cb6782ac30c1af68', 'none'),
('4fd55d0e6b523de5aeb2f21919084853', 'none'),
('4febe502b3b3762d4dfaa72aa200ccaa', 'g95reut9ls'),
('4ff32e813eb4537b3161a0c87389276b', 'UAECcw0T6UERvJaXur6pofTi6Yvigw=='),
('504d4ea305f7d8785a0effd2c1de5a18', 'SlbYOjXWNrWdAf03LJRpe/H8+vz+/A=='),
('507236779733075106cf1e68078317fa', 'y1h4hjcoee'),
('509ae2e3ec7e0b89d027d2f5a0d95ae5', 'y1wirsf1ap'),
('50b2bd7b66bb413d2bda3436c4178f6b', 'none'),
('50b7e62ccbb78a1d4e0509ec931f60ca', 'zfmgt4mm3g'),
('50fbcc0dbb67584022c24bf62ad11867', '515kzi36u6'),
('515feaf8b6e0d0aea642902315869a8b', 'dGF4dzJ0bGw2eTs3'),
('51920b19379d210b2bcb02b6a45cabe9', 'none'),
('519f2f57e807e2f9c9755e6a22d426ff', 'bXkxZG1hMmdiOTsz'),
('5200799f57867c81f7f81a072e90bae8', 'o616m73f9d'),
('52547daa5b787f97b62ebdcb475817c6', 'nt8uhgbgl1'),
('52a4795f6cc81cf1d6c4dc5081c0632e', '70b3ncFAah5v9Aujp/q2Y43q7+Pj7Q=='),
('52ba86eadefb8e9abae400e4e8b52224', 'w/mvs0iEti05AsFUCBoje+zjiu3i4g=='),
('52fbb27838a90619f72b275202a3dec9', 'none'),
('530526640693a446870941dedca04a91', 'ancxmyasn0'),
('53726a9da31dedef15e71ebed923b422', '02ec6of42p'),
('53dacdbf325be474ebc83e2e5d9dca9d', 'Zw+C1cmtGYqMHe6AASiNjY/ugoL44g=='),
('53e1d2862ff408d424993bdb006f62e3', 'kuib7tetj8'),
('53e4f5c63e7bc88a6401df449fbfce6b', 'aHE0NGx6YnI0czs2'),
('53e639c1669e41c2ed2bcf2954da6fc9', 'dGhpYTBpNHFqdDsw'),
('5413821d055b26e6066bc5c12ae4d86c', '/034w9DwV1jdk0n+A0IrnIvhjfmI4g=='),
('545a78e572bc0419c79fcfc1c1249d35', 'JNsmHAlbwJRxS2l6b8jSbfL/4uL1jg=='),
('5468cb04b0d543f2934f78caa8b57874', 'none'),
('549fd0188c37f84a06bcb42017db9f20', 'lxucp7u6a7'),
('554286044a7745e25a55d3aeda95e94c', 'none'),
('556b941bb20d1d961b27804ae1fcd167', '3nj6n089kk'),
('55bb4efcfa7c36e0c0d02f16742b86a6', 'none'),
('55d2ab052ff59235f4928741d5a2f7b3', 'YXlrejV0bG5kbTsx'),
('564574df8671f332d522ab751a78665b', 'AZM8vJz4a1QmEfjkY77hTvf564nr/w=='),
('564e181bc95e1ac627de6710cb645bf8', 'dpqwc2m8hw'),
('56634ccce9d62dc393cf719f29a62299', 'cWgzMDAwdW51cTs1'),
('56c7616d20bd55eeec8bda29fb0ff560', 'NWEyNjFqdHZ5Njsw'),
('57688c3030de84a0425c1c33322b1816', '5ogef5ooxv'),
('57965226ce5ca18e20760e5f14a2cb5f', '4wjm97p8v9'),
('57f01597c5dea1108fe21aeb76590bfc', '86jy2sf22n'),
('57f59f79f0ca867eb1330297118d144f', 'zhslgd5ne9'),
('582a1c844d195357b9de07351f5f8e31', 'none'),
('5855a572dd071f26f3433ee7b30a4463', 'WP0TVEPoczlRoiRDZXDAG/7q9ov4/Q=='),
('5874baa95d7cf42655f8a74ee1aef278', 'vf9s3yzcoh'),
('58a3842eedd7b724e79458c76f8cd779', 'none'),
('58bd74aa262cd521b4c754634a5d875a', 'nLNOFDYxztt0tftJFy6FZvD38Prwjw=='),
('58be3113359470ecffe8431ff15de1d9', 'none'),
('58dbfece18d49a3d8d90472c0ee2af03', 'phRu5/aDgoMcKcOQaMA09vKOg/eM9g=='),
('59237c87a45ca8af4ff13e0687ea9f4a', 'ozol3g6ssr'),
('59282f8dd158aad1a06958c26995d63e', 'kEzzEuapE2Msw31xlEhp7/6M8o6P7g=='),
('5951b8378e93eac548181e8a3b0d590d', '08lts23zy2'),
('596f9bdb223334b86129a133187d85ee', '3mcd50gke8'),
('598015e2cc207d304a716a67b0cfcc26', 'V9A7DwBQs59sWGBxHMPPfvn28f/+/Q=='),
('599cf53176b500a38a1bc0a59937b365', 'none'),
('59e05ff0c3928753b56a8a8c073ef01d', 'oWIbioX+hfVpRLDtb7ZBm4/97oL68Q=='),
('5a35ce9f38766c54bee34f5b6754c1b1', '5Sb5vc6NTTPc7VeDGSkq4vb/8/jj+A=='),
('5a4e9d3a424373999de2512692095d10', '9fa2w5h9s2'),
('5aa6fae6ba8295faa07c01e40364dcd7', '3UkWiudoaf4PQSb3hAYPU+r194yK7Q=='),
('5ae571db193d9d1e77608fc136b57d2b', '2EvKUnkqD1c4GNFdMpVjev7p/+LpjQ=='),
('5af4ba42370a749750ba64b70ce2d7ee', '1YtYq5+C9PdpoinMaOGcDozw8+r0iA=='),
('5b0a5b6113f974cb5c6a145699cc4848', 'none'),
('5b4d9c73ea6ba029321d6def54ae4c41', 'pRXkk8aPl+p+Ljp714+ypIn1j/Dv8Q=='),
('5b5c530c6bce5fc5b0c005cca6066768', 'u9uhwb1if4'),
('5b783251a1ec8eda08251b4967694736', 'MWpxbG5hcThkczsx'),
('5c52c28d5938c96d74ddc7d937b00690', 'bTR4MGZkNzFlMTs1'),
('5c60f348a762fa1fc580a727827939cd', 'dXducTQ5dmN3eTsz'),
('5c7876cfd887a75f0137892a257ed6ce', '6HBQrWKIx8F87FoNg/rLB/7y44jy+Q=='),
('5cc021d60b08c713827ff698d123cb54', '0Hvx6Dkr7Tyd2qFNa1LoWPf/+YuN8Q=='),
('5ccfd15c590c85e256e439d48ba38bbe', 'none'),
('5dc8e9b96948b567bce4c72ab404dc59', 'D97VI8JBIs0cTQh2ZVvhHvDz4ffq/Q=='),
('5dd7c9c6de969a31b7ab58854d23b25e', '9o24eklxk0'),
('5ddb5e8f6e07e8da3ca04005b23158be', 'OG1zaWE3aWt1ZTs1'),
('5ddf27fe4ffc1b37f0d839537186961d', 'none'),
('5e06198be87e7e88bd268a3c411a5fc2', 'none'),
('5e2f51ac4328616309984649351a051f', '1188ea4gwa'),
('5e5b32d5d55278f787d5f925f3c4d6da', 'Y2k3dzhlamx0MDs1'),
('5ea83adaba1124cd921a140be137ea7c', '/Cr2xbmVVD/TlSCbACUlmu6Ii/fv4Q=='),
('5eb353ecd0b2709eb933089e125acf8d', 'usofzkddt8'),
('5ef31a0d566765157fb226ca20b7365f', '6tmcydlct0'),
('5f14f74c31ad78e6e4c46bf887167e16', 'ZXBmNXF5bzdpazs0'),
('5f1c333659822be964c798a28fea5769', 'dnNlOHdoajZxOTs1'),
('5f1cec6c12709a32b209bce92329508d', '1kbxh3lx1i'),
('5f21466ad787fbcf9586ad9510ea5145', 'OVV4EUPBOuufoGYIuUk9nozz7+3wiQ=='),
('5f3861e40c4d597e25354f8a6d98eb9c', 'hexdpr3so9'),
('5f8a74c3ab80c2f4b2da4e3c7a700ba4', 'a8pm31stx7'),
('5f9bfc0a72f68f122b6357d039c61e6f', 'none'),
('605bcd2f9acc9bcdd3dfe7d5618b2d53', 'dDVxbHd2cGVxMjsx'),
('609f2876db9ff061fe9b96e877110f43', 'o1h16hr8te'),
('60acc860e0544340de1cc5f33c9053f4', '0e1ssas0ot'),
('60c88164fb61f5b6bb431f97e3a51e36', 'netoa9hac4'),
('60c95c0ebb04ab4e09dfd2eb1556d221', 'none'),
('60f61bf5a02dbaf8cab56a50a6871955', 'Zm5jczR1a3Jldjsx'),
('60fff64e5699cd50d692909f07cb89f5', 'none'),
('6114f5cf75c0bcb4ab346b523d8ead98', 'MGdiYjkzenR3aTs1'),
('611ed3399d8257b399f49e88f1765eb3', 'anQyZmx4M3B5dTsz'),
('612b50f681e62f41b4d52eecd8ac04e3', 'Mjd4ODg3c2hmazs0'),
('6131e6164b0b305b137a0ea0d30820f6', '/TInJFHnECWEvyqZqYYK/f2Mj+qN/Q=='),
('61b0ccdb451748fd3b601e5a6fdd141f', 'DPRMpu3sZjNWC4nwbtmRVOOI8fmM8g=='),
('61db2ba5fd74b2145ce973cd398b8065', 'jFKdmcMhCQoF8AnCxO7cZ+zo64n3jg=='),
('626bfbc3c88bbb8f1d1fbacf30b04af4', 'none'),
('62c8e055b9e2fb516aafca7587ca7a4b', 'vGg+J7GmtVHJD8xW+WW+QeqN8fLhgg=='),
('62ca120b82eb1fd439b185a75b423f25', 'M3g5ZGtxdGtpYjsy'),
('63631b29ae084337b64999368c7e5d4a', 'rz07j89pjf'),
('63683a06cf0323aae08c9c67cb4c11ab', 'cGZzYWFzOXloMzs3'),
('637bb15102d5f1bc20fe4b35367857ba', '+p0w7o6bv4HYbCNy8ys42vrh8/Pq9g=='),
('63e8c4761a5acc4d6a98c4b09f0dafce', 'none'),
('63f15cc7dc67e2843aba25c7b04eeab3', '4lk6qrakc5'),
('640924229c741b97da4ef12dbb65a2b3', 'gGich0LX4qVzhWhKa1CrGvKK9Y2D+A=='),
('64747eb7a3223ed4066537f5369a0b82', 'xoqg0ln78s'),
('64a9949f495d48a994a92f79fb5185c6', 'uosnrrw5u1'),
('64c095cf2a32e7c8d2073539b09486d6', 'ChloZLuxfzNcHjCttLktTfP27PaC/A=='),
('64d705f780b49c8bc53e02b71c7c185d', '1ZmrtVmXoE09BNBHHnonff/yjOmC9A=='),
('64d96109e2b8185c11a9464f0ba17466', 'bwz0ti78j2'),
('64db4b36be543a34f128f4fb8f04f088', '6rtIDks+uNNyr4ZGYSaDfP+K6vz4+Q=='),
('64ee2c33febc059a980a96c3781a3c12', 'JTgAv3R6J+SAyLg6btCy8vzsj/74jQ=='),
('654624b665b21475ecf5c256767afc7d', 'aWgxOHd0Y2ppdDs1'),
('65485beace66dbec8feac417e6f3843d', 'zu2jLoxFWNGsGtcuZX9Xmf7j/f+D/Q=='),
('65890da76247c245a050b7e963f8477f', 'uSrLVRw/bjY5H7RIU/RifeuM+OOI7A=='),
('6589d42e1f7b747977ff48a4f9467361', 'yFwH2hqpcLL99Lfn3ULN2v796uzxjQ=='),
('65f645a2bf0ace7b36f38237b411bb4c', 'i6hgunijzc'),
('664f82b986514532da1d2217e13b239d', 'none'),
('66f1ebc67654119a209da38da4d9db0f', 'juv4t0jdxg'),
('673ea0acf80432b6dc62e3f0c3d12c8b', '4e0dfbame8'),
('674d7b6a87ff29bc9482d76f9e50989a', 'zljkpio4wl'),
('67723feeaa7ea9b909fd758e66c400bb', 'none'),
('67b70e60e613410762770325fa7115c4', 'YQpTu08hMwGzueuI6jc9sv7s6/Dv6w=='),
('67bc874aa0d9ab60ab24d8171ff48104', '+2eg74favIeZB0okzogqUo7/9Yrw/Q=='),
('6822d2986de5dd968b9d80ed7ee9de62', 'kwfogjLE8coHgBhZeD/fH+H68Pns6w=='),
('6881da498a4029e9f6ec2d62b049aa1b', 'OHl1cjdmeWliZzsy'),
('693b28964906e0f00fef7739d97b96e1', 'ZTh4ZDM4MGc2bjs3'),
('6954b05fb0b2bb5aeb85211b15b1b553', 'NDUyNTE1ZzNiazsz'),
('699c7cac2f41f24accf298301625c793', 'QNhIdxpYpJcfIHp5C8u8BvHsiYz26g=='),
('69ce30499777a7a53352e3a7cffe5674', 'none'),
('69ce9395c920175ae9e61bfda0fd5ef8', 'none'),
('6a1090081a4056903f0b5ed7fca0df5e', 'none'),
('6a22c4326ec4a4fbdbdc63f720cf0e78', 'YmVlemJxbHV6cDs0'),
('6a23f296e033fa0a3d4a1c7b21edfdbc', 'u17i4hn4ix'),
('6a6178409da063e0c85640d5727c97a1', 'none'),
('6a8b7d5b38fe852e1291281dff5f1a6d', '0x1y6j6vin'),
('6aaf6b8f985c8fb7ca17963594c8a259', 'aDMzOGs2MmdsNzsx'),
('6ad8806ba393529c533883de343158ad', 'VawpEQcrseN+RmcKHr/dYILx7+2C/w=='),
('6ae8c1538650c6e38ee3077da84f4f8b', 'd8uaiq80ux'),
('6af9e49461604b3ffc23db353057419e', 'none'),
('6b041403cf64fcfe6fe271d4ac26fce8', 'n2quic1fqa'),
('6b581c638154edc067f03f3b44355570', 'MWEwNXRrZjJqcjs0'),
('6b7b03a323125dc23ce8b6f964b9c2f7', 'none'),
('6badd00fc6b8de8ceef59bb4daeb2678', '9FTtkKAycQx1+WrRvOisbv+L4vnx9g=='),
('6bc482e5114d511ca6d647861570cb05', 'o9llp9j4z6'),
('6c096825b07b308c6732a9660a4ab405', 'jSjlnskhCHB99wPCxZSkYOzi7PGNjw=='),
('6c79e40fc695c27e9884fbde3e8ddf2b', 'E8CqI8ZdPtNjTQxqeUWeHuz34Yj04Q=='),
('6cdf78294ad914ecb388d7163667ad2c', '8QIqJHn9iF65gi95EkJR04+Ij+GPjw=='),
('6d072adfd724ec53e4d899860a326dbf', 'none'),
('6d27a092082d634f7105a27c190075a2', 'tJMws5GFle8BuifLCfn0Fov+64Ls6Q=='),
('6d38e8789301619204409cbe2f0ab342', 'ZTlwY2tzOXNrdDsw'),
('6d4aa874947d9c636ebcf0c68d068b7e', 'WkRgckW8WfqHw2B12lgl/fH1jPXh6g=='),
('6e54ae61cf229336c0b5e81957fc1229', 'of9kjklu8k'),
('6e9ae0f0a436edd83901305fa65001bf', 'hvy75gynqo'),
('6ec70a8ddad2f501c92fe20ab6688f86', 'none'),
('6f5ce69add0062fab964d49c006f7ab2', 'amRsbGluMW9qMjs3'),
('6f81b47b85377796411ca6a675e57980', 'QU1oC12hQvOPunhowVEthOzt9f3o8Q=='),
('6f86964d4fc8c162b7640124b105636e', 'none'),
('6fc2a2765f6235828b4aae1bfedd3908', 'MDV4YmZkZXQ0azs3'),
('700a7f0ddb4cd87ae171aae7d43a5460', 'cc7dqxe0de'),
('710df5fbcb7e22c080e6c20908b01c06', 'none'),
('712f2ed8bd580c5a06dc0763c83c949b', 'none'),
('716fe83f703ae6013ff3edf50b4183d3', 'MHRlNmtuOGt4czs0'),
('71aea81133545ee0a2ba9c145db0861d', 'YjZ6djRobmhnZTs2'),
('71c7b9c5af7ccb8c657cc39680bf591c', 'rvXNtELi2yFbBcsyZRZBfIrpjY/ujw=='),
('71e272a8779526975ac5b6ddfae6d0c9', 'none'),
('71eae4d6eec64d9d9b0d75f36ff7a193', 'none'),
('71ef905396170e9e56122e995364b9fe', 'umwUl/CanvtmWcWJdLhOhuuI84306g=='),
('72d012850af066b908af729dda1a14ce', 'none'),
('73157fb33912ea7fd319cdfbcb2a5b96', 'q8h0kg5pj5'),
('736b93dc02e686dbf09e2410f5d5ca21', 'none'),
('73b1d7608c0793b178494134f7154c50', 'none'),
('744dc02fe48a2952af318efd71794414', 'Ju51LFTkDSo32jNPG2OmY/L9ju3rgw=='),
('746207badb536d29172a63e8bfea1657', 'dvs9mj3pg2'),
('7468ba8ccc1351461dead5492273c740', 'bjU4cnRkMTBoNTs3'),
('74d6e9e97a24e19a158d94da45dd4cf0', 'he0a1d4csb'),
('754d0c95f7a23b1aedd110b4a745248f', 'soibtwey91'),
('755336eae5bc92f369862fd151f6da6f', 'qrv5u8bwzg'),
('756021601586f00d85691d4d99ba7c38', 'VUA1nztkhXnaQUjYt+h1Je7+/uKJiA=='),
('757531ab9d69ae5a0a201dcf879dd8af', 'su56dh0ddq'),
('7578d9aa337a879f427d7e13bae823d6', '00es483w9p'),
('75e9161973b39164100fbc78af9c4990', 'kkgz17vtt8'),
('765cb77014dcc34efd7c483fcaf1ce5e', '70gzwthq8s'),
('77652a4bcab458b46d9af5722ed5360e', 'agf1q7n4x0'),
('777a58014277fc86b4368b5a04b5db66', 'none'),
('777f7824204d32125926a6df79a86fbb', 'none'),
('77d0f32da749a7ee89e4fe5211d13534', 'qs2abdjc6f'),
('783b058e499d1647eb2ffd801412b671', 'qdv1a1qbs3'),
('784c84eda4099af7058e9f4b3ab21469', 'none'),
('790ff07f8d70e0341d9f557a17313b88', 'bgckp14y49'),
('794bd516f07f0b7c1698e92e0e0cdcaf', 'ajE3aDY1eGE5Yzs2'),
('794f560596daf6292d0c88cec4550e9a', 'iri7bdmngw'),
('795536170308d58f6d211281e538b2a1', '5GCpmYC9o4CQcU1D0Y8jJOn4g4P34g=='),
('79725683deaf1f3dcf466f260568244d', 'xe9j5jji2p'),
('798182b38cec17ac2b870a3238f935cb', 'enRnNWN3cGczejs2'),
('79938fce171f83df64fa303e531f13d9', 'agjglxw683'),
('79a9d261ccf7d306b253e7c9f07c8f94', '8ZwKTCXJCi/qPNpHYl7mGP7p4uyD/w=='),
('79b0197fc9cc329811d6448a7501135b', '1xxzk4b60k'),
('79b8ea30689b53e82116247baf046b1a', 'NTZhOHZoOTZ5Yjs0'),
('79e6b1598f5498db924d6265b415eed0', 'ZDJhZDlqY21xODsx'),
('7a2c983d9b936bce08ab6150f3a8d62f', 'none'),
('7a357fbe41fd47b328fd90e49c2ca9fc', 'none'),
('7a5ace10eb9a18c2323ae76cce25433c', 'xAswXcPGzTLHdb42gQawO4r/i/yC+g=='),
('7a617fb7fe50fd562d0434c88f17753c', 'none'),
('7a95a7f2adb1a87995144074aa205944', 'MmM2YWczNDVqdTsy'),
('7aa5cfeb8aac7c2783f7b49c12cbc9c6', 'ZWtkd2UwNGZrdTsy'),
('7b155f1f7c86a5d0b17576da6f1512bf', 'bmppN2tmZ2g0cjs0'),
('7c63bdee61b9d327070ef31f869c4d79', 'none'),
('7cb05509f79d2eab532a223e0f7405f7', '5uk67ku1nh'),
('7cdaba6b779562608c801e52d9dc9261', 'wJirKoNBVqSkHtgqawpfnfrs+ff28w=='),
('7d8303ebdba2e15c3bb57d4388bb23a1', 'YmRzc2tzNnVtbDs2'),
('7dd8c9984390cf8dcb9fe2779075d8b6', '6UUTLJwFkJXNIcz8aQECr/GDjuHt9A=='),
('7e10bf0919b0aa4c6a9b4e66872019e3', 'none'),
('7e3c17ec954bec6aaa82a7dcb3de3270', 'none'),
('7e5543585a5c4bb0d48b18e3f5b69262', 'vy4ktqws2i'),
('7e68a4748e2af160b4930cac32b8c21f', 'fbUG+9uvQSuFuJ8SHo4ilfb+iY6K8w=='),
('7e779b776779018813000c801c419eb2', 'JTpZmUhm9QO2Rzvax5IZI+yN+I7z+A=='),
('7ea039f0cede790411f44246ec97002a', '9Ubgs73zXVPF4yT9CUkz7IiM/eGD6A=='),
('7ee2762db4e74bede1923f569a4018c9', 'azUxdWs4bDF4ejsy'),
('7eeee42c1db09302e52bbaa0a23a6432', 'bwrz1oq1ub'),
('7f1325b11ad1bc7c83055a1ccc298fc9', 'ODN4ZXU4dzZ1eDs1'),
('7f5b5150313fe68a06786580211798c4', 'JSQ5jyp09R3WUVnIx4x5Nf7v7u7t+A=='),
('7fb377bfdfe0166e1723306f341cd0ec', 'lio5qwjjf3'),
('7fd7a34f236536ee3b47785682e55f4e', 'none'),
('7fe854ac0420749997b9cd29cd8a54a2', 'mu7idrptt6'),
('80b5b5251fc8721093a4cdb4b4a2bb5a', '7qrqe75oad'),
('80be42604d1c664c9f4ed2926541fdcb', 'ljkx6j93o1'),
('81d93eff039f95e7712e44cf01fdb093', 'aDA5OTBtcTFiaTsy'),
('82647a825d363834ea264af5f2e0dabc', 'jGP7njXT7q4UnB9OZ1vMA/b97OqI9A=='),
('82690cff5e271d198bd34a673f62ad12', 'nmzaekp805'),
('8280240b0187f21a44d4ce7b11f82efc', 'h5EcJzrdfCL8V8VTFFPwc+r2ifqOiQ=='),
('8296578d1485e317202e4e62877a914f', 'none'),
('832d63824abeebf0c2684a93fee4fada', 'iu7iu1tksu'),
('835ce13a316139178ce05e09dedbe108', 'ziyhksuaig'),
('835e2283cedb0d6e661227f87e504bf7', '/DWRFOS9fxpOxX9l+DEL6eqO9Oz2gg=='),
('83c73b3b229d7c7068377dd1232fb9ea', 'w9b1tfer89'),
('8425bad3ec92b5a4ba5d6436fb62e1d1', 'none'),
('844bac72b931ccf25ab9e5e5d2cc08e0', 'none'),
('8470011d1da6ec43ff7544ce9769fa54', 'bG9vd3hueWs3aTs3'),
('84a8a45b0c8e77c6936912e8cbd9baff', 'none'),
('84c0c757ab5adf2da37d4c675014adc8', 'LotTXb2CKK/gGYWfxPqt/In64fPw9Q=='),
('84fdc917863efa67ec36c0fb20eb1c45', 'M2w1cXpjbHpmdjs0'),
('8586e3fb00f1836750076e733b70d6b2', 'nybtpr6ENzPI9ieKYyk++f+P6Ozjgg=='),
('85a16595acb20e63d10de273e70e1b7d', '9Sr8k6g1cHJk+mLWvZa9bfiD4eiP9w=='),
('860a5415a3f33f148bb0e8a58b1db0d2', 'cXZjM3NpN3U2Mzsw'),
('866c136ade525e61ff55140ab3df9c94', 'KfMpS7nqL9eaD4H3w4LX6uH+94mI8g=='),
('866e099138dfc080077a0dafa081fb99', 'qZKbmjyfAZ1RWq8bynZZxvPi/ur3/Q=='),
('867add2eb05db41cfc10aa1ac492ca1d', 'd2c0NHJ3aTIwdDs0'),
('868ede729a723f71a2ef7351e5e58c7f', 'none'),
('869ca489f467a7fd1cbeb9e428638746', 'dsgLnciuSlaI3owTFfMv8/ft74P3+A=='),
('86e4aecae1d1642d69ec32f6c971e396', 'aWphMDQ5NHh4Njs3'),
('86ed658657df28719694b8bc9ede5c26', 'aGg5ZXIxbHo2ZTsw'),
('86fb053d5a2a3d78feaa5fecb7fe39af', 'tbc4yciqvy'),
('87205a4ba71ac1e92bb35e533e1a1ca3', 'none'),
('87466aaf25cdeb6c5d153cfec6183e40', 'ZDZ0dm10NGtvbzs0'),
('878f358a413b19638312e713bdd64539', 'none'),
('87d20f065866b24d62ab6a87a3075651', 'wjkqct252l'),
('87d5f05eb26285ff593f1595d919f781', 'c0y2kyt1sc'),
('87ebe4209e909fa78a0da27a64f4bd8a', '6gtn27x8dz'),
('87ee6e81fb7cd9cd33f3ff6bec35a81e', '8subclp95b'),
('880c5d0dd530dc2f2d956a0fc41b527a', 'none'),
('880dfce00859d932a517feb90b16cccf', 'h053sbgopy'),
('8880155d7e34f11ba095dc7293d3fca7', 'cGlT3i9UImKz3Iv9+1Q914uMjvCM+g=='),
('89178968194080ecab9d81801909bd2d', 'pwetc3a6e8'),
('891f6089d85a9a05128f9aac6f81e80c', '41v987oadi'),
('89209b5287c0b67de3a0c61315146fd9', 'e4c1m8kp4q'),
('8957bf4496e64a0c459e3a009807fb99', 'K5GTq7w1zIlmI/NhxTJ5n4L8iPaO9Q=='),
('89734300ce1b974f12b9165c5eb88e20', 'MnVybHQ5bDdmbzsw'),
('8a0f0aef0d8b99f5345d2a7467d53ce4', '5Buo5YK8o/uRDU9C0fQiWOj6/4KM4g=='),
('8af165272e6c5cae363d08eb0d1c7558', 'CNG/xeX7r1qPDPQ+pU4cf/OM6Pntgw=='),
('8b74ffec318aeeb761ad8818cd8a6180', '7y2pfq3nq6'),
('8b76e0c0026741e9004360db016c3875', 'Bm3vPY79qql++w8nhjkbTf/2//D8iA=='),
('8bdb37c6f136105dda0c13ff1163c3b8', '2w63ne66xd'),
('8c49b37abd7e4ad2752160edd9aef364', '8Tb1u77yWSPQ6yf8DTkm5ImP9fTz7A=='),
('8c6bdb1f68978de4e33c01056347e8cd', 'c3xrybtpl5'),
('8c75726ec945d3a47d28b28bc22557c9', 'none'),
('8c79a9b0024b7f60840cfa22220c2394', 'b4oeaYJ1f1cI1/DzsUf9burt+PLvjQ=='),
('8c7daa7e9ab950717286364965edf4a3', 'NGI0NWFtenhkMzs0'),
('8ccc05e47a812e88bb8baceea49da9d1', 'XFHMOTfPILKJAv8uOpN9eOj++ej56g=='),
('8cecb1bcd87ff39c17226e44cb7b807e', 'YXkxMW9lOWxubjsz'),
('8d249f8ddd117b9349087cf7588ac5b8', 'P/rJGG1rf0DN/JK4fC3BzIqMiYiN4g=='),
('8d534bb3322ff056b97028cbf9788d71', '6573u8fo8b'),
('8d9be060ca042a2110a645b002d3b2ad', 'ZDBua3k5c2t1OTs3'),
('8de7c9cee6773382de09897cd17f955d', 'kVYdWvZ66IbDV6aDERIM2Y7p+O/+jA=='),
('8df634158f88007b99d0920394d816d4', 'XFLZTifQILGcde8xOpBoD/fujv366g=='),
('8e08364b16aea65c6909a1c270770669', 'ikmj5okhk0'),
('8f2bad7f79ff88478d212c304b4e5bfa', 'tgsgvohvv8'),
('8f31c90a99b7e157fbe978d749a4870d', 'n6cn9bq4vy'),
('8f632bb0c4ca67abcf017b3e4f910e01', 'dTFvNHp4eG5veTsx'),
('8fffa2a9ec4314b84d557a34aaa0e28f', 'uCsS9u97DJwLPS7k4WQLL/n9i4joiA=='),
('90018106366c9d44d908ae420c870e88', 'emlqb2t6djBobDs3'),
('9001d9eb960e170f805ed0fc22462a1d', 'bGU1NHhtZzVoOTs2'),
('9006d63309731d4212fa5e1e0e42e0dd', 't9m9tsgz3q'),
('9042def81926d293468be90caf81918f', 'Y2g1MTBobjFjcjsx'),
('9061c068f4ae1afd678ca20115adb821', 'vyl1gu4PC55sSS+Q5mZsW438/+/qjw=='),
('90635b3f13091db04de9734cab323aa2', 'none'),
('9069c7fd9c73432d68d221f80575da6e', 'c59o7rg2hc'),
('90aa744bd92e88d79cf979a22328f36e', 'OHY1OThndWgzaDs1'),
('90b03837535d5638f1596bd9a1699521', 'SEV2pnVpT/L34RreyBMXCPr6jeHi/Q=='),
('90e40dae7864cfa7907421d828bd5a85', 'MGtidmF2b2ozZDs0'),
('90e50f567109a407e58c7ed658e7ed09', 'NTNmMmE1cTY5dzs3'),
('90f43b0e788f8c92de0dc1358aee9337', 'r97oh0ikw6'),
('913caf73264e67e4a174fa4956da2b21', 'A8p7i9CkP1T4yJQZYPFf5f31+fP1jQ=='),
('914033b2dad399dab1fe450bc1dec9d2', 'none'),
('91a8f1bbd9e1127bdb753ff56bd2a8c4', 'none'),
('91da96d9164fe4c885fd5131bd6116b6', 'bWtjZ2NteW45ejsw'),
('92017d5c6a7ba2907523018b49d6d3cf', 'qAKydbeSfx40ih4LucgVyeiKioOJ7w=='),
('925cde1189d49e2fcbaf9ecbb161614c', 'AVEVkjlzMyqFjSb5EokjGejz7ej8/w=='),
('92772708d9926ca9c044b598d0d40cf8', 'uknDRmMmbVUxDMtRUJdqbvLz6+vr7w=='),
('939badfbe860c33208f44dae1eb8f239', 'P1lickW4POeFw2Bxv0Un/fX1jPf8jw=='),
('93bdaccc93a46d8f969f121c9a28ed26', '2lcbdigznf'),
('93df98229cb2839dda6c3bf4b9807c96', 'none'),
('94128c0d717c8e594ecfce9ec9e6532f', 'emRzdmY2ZjV3ZDsz'),
('94479ee9de540f2c5dc8dfe9d56f755d', 'lp4ytfbrt5'),
('944dc2cc43603219945a166de732caa9', 'kzxnwxzk6h'),
('949468164144558687d5f658ce349756', 'k7fxmzw65v'),
('94f25fcb052234161b854bd294755639', 'none'),
('95031d45a6245fa2c6e3526b3efd81a6', 'none'),
('95119b0d2d06bbac8444448b06bba869', 'JZdTTMThI7PgCPz8z+at7eqD8PPs/g=='),
('95e164fc4114c3a05367d2cda61a84e1', 'none'),
('9610a935195f5b43c167a768748af425', '4fkkvipfh4'),
('9634b8d8b0b756e0c3cb749f31a2ac86', 'bHM1eG5qODdnNzsx'),
('96794d90b049f87a6103ec049d5e404e', 'U1IcdE6nUOz7xWtu005Z++r+ion34w=='),
('968ee0dfe78535b667475e2f4c5c88ba', 'ZThjOHlsanNnNDs1'),
('969109172d88d1a544367bea74c65ec2', 'NTh1MGgwc2plZTs1'),
('9691da0c3b97988c3c1132fe88ba2be6', 'QUHOSETOPaKLc4wvJ4N/CemNiOrp9w=='),
('973a1ec6b701644aba64d4f2232b1a9e', '53jqkqp90g'),
('9792c4762355c803485f611e8b516ea6', 'hwPiiz6n5c4NiRQ6bDvVFoL2+fPo/w=='),
('97cfc6b4c85be550f5ed81d93692225e', '0jbcvfvdl8'),
('9835ecb52c70863bfbbdde18b6364e9c', 'none'),
('98632834fa5ab1c0329399f930519a3b', 'none'),
('98a1f68cfd17feac4ced20227688a22f', 'cdfNKd9IXMQERxV/G1L5FPnu6+/jgw=='),
('98cec4bd09a3a17192a9f8e07f4550f4', 'RKc8BB1YoOhrU315D7TIdfHr+viJ7g=='),
('98de96541afee000c37acb1e022be281', 'AUUEjT14Mz6UkiLyEp0yBuP38vno/w=='),
('98eb4a9b427d6389677b82cbaa8c8bee', 'none'),
('98eec477420fb5d5e1dc8c01a1f3c6cb', 'Mf+zn2ociRF631JLYqJI+oz28v+Ljw=='),
('98f97dae342ffa2948616a1cda91478f', 'YXJpZ25ndzllYjs3'),
('996b911af8bbd4ade1703b1618deed33', 'bndaiw3q1c'),
('99996004133b371ea9c0cb014471abfd', 'umx27fGBnvsEI8SSdLgs/PCJie/06g=='),
('99db23faec1085c2dc1458e0d29afad9', 'fLNin6jQQC3h3OxtH4hG8YmN7eqM8g=='),
('99fc8a77ea78d09c372b404bdb5f9ad7', '8EghRy/uHV+C3FSQpPwMnvTy7Oz38A=='),
('9a6bb3da433473149da2d570a6c06b21', 'liezvgjlcc'),
('9a7ba7e50438897e16a037d1825873ae', '/4chkpyRupvJEDF49jEppvDzj+Lw8w=='),
('9af7050c4fb5838b97661a41a5beaaa0', '6G8zvGGCx94f/VkHg+WoFvTx8uvt+Q=='),
('9b292e043f1de96b93d3e0ecb9371d46', '3gpjxzyhz9'),
('9b6276f04612b5904384a151d314e141', 'none'),
('9bb6b9596a962f0d9604996e9bf195e4', 'ol207n8wzm'),
('9bb91ea78591e59418372e2d5a8831c4', 'none'),
('9bfb3b5ebf36411bd9a2b68c21039537', 'bThkY3A2d2R4dzsw'),
('9c02a85224784b24f048083912b782f8', 'TWhrShF1o11efe7A8K8eGu7//4756g=='),
('9c33e510ffc9236b3130378415fae2d2', 'veegotb9uh'),
('9c3f54c389c009092026c7739f74812c', '58nmgo7utr'),
('9c5b5c4aaaef79b211ce712beeb80a0c', 'h7hghsquij'),
('9ca73b95a70c8a0b5e82c2a4b406b030', 'b2PxQPftw6dghnY37zcFMO+Pgu7y4Q=='),
('9ce1fece0dcb5c7555e0a127191831c2', '82kglnqped'),
('9ce65b2a97b28e445697a7ede2a70f97', 'none'),
('9d6bc01e77e935198b7d1e6805fb1183', 'none'),
('9d6ccaa8222fdeb20b055bc5b703ab28', 'qgG/c9z5fR05jHVgu8sYz4PhjI6K7Q=='),
('9da06f6088ee867874f528ee1d38356b', 'MXljdGszaGNzYTsw'),
('9da27792e37bf236bae862b10e42466e', '4kUPL+B+m5XRIrCHYgEerIr/jf3t/w=='),
('9dccd014b0a133fa1c63a8f64afcfcc0', 'aGt6c3R6dHdtNTsx'),
('9ec5c333d47c79238614b7a0ef3b90dd', 'none'),
('9f0f4e7fb2252ddf3fb5e536b52835c3', '83qgUH6beh9eLfb4UkL5L+nz4u/j7g=='),
('9f1ef738564288317470f737017494fa', 'tad8iadw8i'),
('9fb50d2179d085ac544e16c680d6738d', 'v1fQXx4saEsiFbZbVYl5d/iO8vj16g=='),
('9fc451c7060690bd1848f6bc55d44c68', 'QUkcHE+vQvf7rWpmwVVZk+L/4ons8Q=='),
('9fc72882373b0f61cf4666de26f1bc90', 'none'),
('a038ce423746fef470b1103b5285a9e1', 'ZnV4dzFvZnYydTsx'),
('a046641c205d689a17f0053cac0a27b7', 'nhbrxqtkxb'),
('a065158b264163ac6117195826bce356', 'q3htojphos'),
('a0d222e6113ae95b89ec5e642b7f8be4', 'wi7ao17x2v'),
('a0d4d61195bdd0a5463821cb33f41429', 'gTmJCuSmAhZW239+hT0T9/GO6vT6/w=='),
('a0e601be59c9d7d7ed8d70c3fb03a203', 'BLuqOslbKahjVANsbj6eB+r4+IiP9g=='),
('a16773cbde40ba68f8735895185690d6', 'JpGM1LRAwYl5XPsUyDJm4Pf09+mO+A=='),
('a19d74a3a00c265380e6aa4ecd219b37', 'none'),
('a1dbb92a41861c031a59d93eb492d39f', 'ZGNjeDRzMmxoZjs3'),
('a1f2884b0e1f6504ba04404fe0a2b402', '/EsyKCuXEVyRs1DpqP8f8Y32g//0/A=='),
('a2053fa4462e19f5dda84bdeec8338e5', 'none'),
('a24f721db587d457bb0114957ba9f04e', 'dFQNj0JxRi+dkF37Z4w7BOqI8PD5ig=='),
('a2a13651fae1b636fe09f02ae31012c7', 'h6u3l0fva7'),
('a30cda2afdbaa891c9012f9a5f619bbc', 'o3rgiy7x79'),
('a357174978f094a9439dcfcf7d1383fe', 'YXFmcWFiYXhidzsy'),
('a38dafdddc20a14427dfb868c8e6366b', 'none'),
('a3f22ef968ec4abb15da6d9a9ef912f0', 'none'),
('a44abfbea57f4f6e732c2821ed685807', '5n81xxuAyc4ZhiMFjfWubfaLie399w=='),
('a493022675104d64323821735446b4c2', 'none'),
('a4a71fa753dc83b05725e8d08ae09c44', 'BMcFmK67OFmG2+oGZ/wh9uKL6o34ig=='),
('a4fd8e15910088faf76e743298aff2d2', 'mt4hxkch7i'),
('a51bbfb513eea7f68189966eae58f467', '/XYps3GM0scF8kkJlvyyGfrh/fH07A=='),
('a53b7532cea1c9841b725e15f33e7d64', 'gvcyo0c53r'),
('a57e329b80889c6376012bd3e32b5419', 'bTgzcDg2N2Z6cjs3'),
('a59104f535c3f932d010d2bb0f5e7e30', 'NHh6ODhsZmpkNjsw'),
('a6bd398929097a37b05f4c2fb8587be7', 'ZXJudzE3bDkzZDs2'),
('a722d4383a052299d6f614ac319a4ab9', 'cXU2ODB4MHY0eDsy'),
('a794897c98222f1b1baa236801738403', 'none'),
('a7eaca116b7268321ff3df907f9f1bcd', 'w6276liq2v'),
('a824280fa02d428fbd948dc2d76d8568', 'none'),
('a84601ec054fc5b8990ef6fdb2302f6d', 'none'),
('a86f424d1a3f415f2e131e7d463dfe29', 'IYbMeBNqYTzInOy5YlHErIvy6Y3x/A=='),
('a8b795bb502dfd58706271b5c877b6ff', 'Ppm0ZhBrfiOwgu+4fU68sorx9/Xu4w=='),
('a8d8ba539b24c9ec0f78064e413bd605', '6t3bsd3y0b'),
('a90281965734a8bdd1edbe93ddca571c', 'none'),
('a907b729e0dd23a8edce88a95a33dc60', 'none'),
('a96c24f289ad5f6cb34e825b69b62905', 'tROf4MDxh+wFXTwFx4nJ1/fz/Ivp4Q=='),
('a98a29f48af586c39cbe38ac9b57a6c6', '78agzy9z7a'),
('a9c3d9bee0f162ab07f4837379e869a4', '45w13cxhze'),
('a9dbac39606fbee7f8d4d36412507460', 'OVLYKkHYRbGdEYk5X5Bpa/+I6vz6jw=='),
('aa363c214cd1eb65a0b6c66658220292', 'ZW51MGNjOWpkaTs2'),
('aa906b00e084c16de9bf3ecd9b8b6cac', 'ppw4d20qw6'),
('aaaeeee7f57b1f52f980ff9ee58265a0', 'uroxk9sxjf'),
('aadaf8c2c3e622472bcfc31cf63f7b71', 'YTllbnc3eTg3cDs3'),
('ab44ca7bb485d327958bf9d38439e8bd', 'none'),
('ab51feff19f9410d2bd322af8059627e', 'XSVm22AaWpLnnA+t3XMHdYnv8PGC6A=='),
('abeba809f0e236efcca1bd640599bbe8', 'ZmpucnZ1cG5tMzs3'),
('ac0bb45de5dd0cf0e4bf5bcaa9229985', 'none'),
('ac10701e408b931dbd1643ccbc49e28e', 'aanabkqd0k'),
('ac42e36d889cb7ba60ebb40f3e394cfe', 'bjV6M2gyaW1pcjsx'),
('ac7043f40942afb71d5144102d909734', 'none'),
('acd9e31ec963621b01e5683cd2bf875f', 'jcudi9pcjn'),
('adbb188f626b78bdcd97f0cd6a7d08bd', 'aadnlvmq5x'),
('add231b735dfb07df8e9f67797948edf', 'slyzjjki5y'),
('ae0f0cff23783b441290779ed59c0368', 'LfRlSlv8BjAnvDxXEHm2Bery6P3xiA=='),
('ae26f87d7dc40c5bc5ca6bee9b8cb95f', 't3yozax0si'),
('ae3ecc019d28116e0333456cc45213f2', 'olqcqlggib'),
('ae4f2486a5f2dda00cc1e8f14fc77c7f', 'yhkghuj9j4'),
('ae562a3caa1fed5f385fba57baa73acb', 'hdlkrubhd5'),
('ae64ce613d9117c70f30c4c4fa79be0c', '2Zuec+ir0LSHjGcNaYpqgfD54uqKig=='),
('ae8748c90dcd8a3abcff6217778e2110', '60brzzuth5'),
('aecc448cdeaaecb37919fa8bc862c866', 'ly5treq6uf'),
('af6c21b2808e8bf4ed01f0f04cccd294', 'lc0wzzl864'),
('af9f81bfad6f95db790ae0553b5875fa', 'NHd1MHRtZWt5cjsy'),
('afb77a16ed83861eb681550856f56349', '9PVL9JqNsemjdjdk/UNDwOz16YiC+A=='),
('afc0c6d1d15876f129206e7bb57cc8b3', 'tefjt6a38m'),
('afd15be485489be262e20e878eff53f9', '5ac3f7lqoo'),
('b01e1ada49b11afdfe72cdd9d71ecbd9', '7Zsh4YSeqIfJYyl35C0p1f/r/OLs4Q=='),
('b047c4a8b22351a64109dbff1714d13a', 'eDczY2J1cTQ1dDsy'),
('b06bb62c7373586f034eba5a78a79431', 'CpcWHoV3GkoAoPfx1Fr1Gejqj/ry6A=='),
('b0999ed96f176fd8847a29fbdb6827c0', 'fmau1dc8ff'),
('b0cbe2ac02599a7c10d7f4fee0d32772', 'jaoyjb6lwx'),
('b0daddde18228611a54811dd62832e22', 'k4murj75al'),
('b0eeddadac0edc944ef50b8f13456c6c', 'ZtMBi9raWk2CyJ5nBegl5YP/+Yns6A=='),
('b183a8e149a6edd92c4164d7b5dee08d', 'none'),
('b1a0d0bb54c2943c8d0caab31613c585', 'none'),
('b1b869e5e0d496ec57f32effc7cd69d7', '61T8k9U3bgxk+h/Uo+i9bfr+4ejx6Q=='),
('b1f22bbd8c48de655f8741649e39713f', 'fvryrwhn6r'),
('b230ffada184634f0a953ded40054f99', 'bx32Kpnjw9ln7Bg570kCWuHh6OmM4Q=='),
('b250a1cbd2418e18d7ae8280d75be53e', 'none'),
('b2b6bfc6e1d9caf84a02920b602ca1cb', 'KGUYPWVvxlAtCpralaJtbfSLiP30jw=='),
('b2faf56c5d56032cb30400f69d7a2460', 'pe4v6kkhlm'),
('b32420b114ad448331fe5f69570bb314', 'none'),
('b3723f17fa5e9a8904cf791aec1d4507', 'ZWwxYW5wMGZwdzs0'),
('b386db328c2de53e4f1bebac28f2a442', 'none'),
('b3b92f0738cf03198e1e17aa4e806691', 'I5ZWS8T0JbLlD/zpyeeo6v+D9/bt+A=='),
('b3dd7b836f4e1b465d1aec840cbed390', 'iSyf+8oxDHQHkgDSwZDeBfzhiYuJiw=='),
('b455160938ac949e8acc57a11d708bc5', '1oksxkurl2'),
('b4e2f4bb9dfe25ecb0f6d26773bc37b7', 'aTFyMmp4dzZhcDs0'),
('b53c3e861608a35e8985d897b7b2492b', '41J+KZwcmoKgJMzlYxZvquiDi4z6/g=='),
('b55d2dd3976e628c2b1a078b11173ce0', 'ZHhmdzJ0NnRzOTsz'),
('b5e3a92452155850a4be4e18da44fd4c', 'bmQ0b2F2cThwNzs0'),
('b5e4d23c2e1df3b08bcc888521788b46', 'none'),
('b611a484c6e30dce498ea403b7877b23', 'none'),
('b61f4d2a3bb285847572b99b7fc082b5', 'xnapqw1w8d'),
('b623b32f22eeb65c579888a0ffdc71c9', 'none'),
('b64595819096dc73abc3b7069936e487', 'FBASdL6+YTomDjWiqrBXXfzz/IyL4g=='),
('b6c3c075a23db30fc47ce78265dcf42a', 'WPl7T1njcz05uT5IZXSoAPXw7eP8/Q=='),
('b7189d5b5109474a04f48051c7f8ac82', 'none'),
('b7288229bc5ef7bbdab2794d1dc78fc0', 'none'),
('b78415f267b47a744bf98f8bf603e9b3', 'none'),
('b791a26b95b29c287e59a3b72c8b5680', 'eml3MjFwangwcjs3'),
('b7ecfe5d5de472e0cfe5ffcd06b401d9', 'zLkGKJR0KjXB2aAavsjhTejvivPi6w=='),
('b8982508f19ec33938cab2a211f5dacc', 'OXp1N3hzc3ZmYzsy'),
('b8a758c5534749065577422390a018fd', '02Bnk/L/9/cVXcfsHbQ9go6K9/74gw=='),
('b8c13b6c63e25d77c35de2e630ea1d57', 'Zmp1N2xqZnY1dTsw'),
('b9122f1569d69da986f7d26146db360f', 'g3msmm14cb'),
('b947d4b28748057bbc3de5e7aa015bbb', 'k4hmcsoi5e'),
('b97d030d59a725fe02e294c8055bf73a', '4UR9UJN8mJSjXcOFYQBs04iM8o/s/A=='),
('b9adbb48f495d3dc2b506ad25d923d09', 'ywa6f05zip'),
('b9da13d3e7d295467672e3c4d9f5d653', 'none'),
('ba240a22c4dd9a409a5d3da3a62f83cf', 'NTMyd3dqNW52bDsx'),
('ba5c9821eb89a982ca54bcb5e6ae9020', 'none'),
('baabd51c1bfa411107ce25dedbf99e72', 'dzkybmYwbGJjdjsz'),
('babcd6f1e1b8df0591acfeba94c6036f', 'none'),
('badd6ce8c63ad6e26084b1f445bdaa47', 'none'),
('bb32a25b397d34fdfd01fde3c38438b3', 'yvawsalxb7'),
('bb60932c57e555b061d98be92f393b6d', 'none'),
('bb8b64cc390d3506f8b97babdd1389ad', 'cnRnazU5ajB3Nzs2'),
('bb9b3c0e3cbe130d566efaf73273a582', 'f7t52tm64b'),
('bc28aa3f3843ab2f5d7e1a4112e40248', 'u+ymXeE1LdCpabpeEH5S6o6OjvqCiA=='),
('bc851914a97866db4041695b0f621f94', 'WQ5xERoP4E5i3oGLs7Haw+j1i/jtig=='),
('bc8efc2c65078ac2dc261cb8fe44397a', 'dvslas8p5k'),
('bc9befdff91776f1633566ad3c4c2efa', '3+WYY++31sqBnGARb/Rskez+8uz0jA=='),
('bcd1496019e3d77c700e225554504232', 'cnso31nzay'),
('bcef16888a998c7fb09e48b1ef468322', '4zziob/0SynH8Sb6HzMx/o+O7+P5/g=='),
('bd02866332f8dbc2527319a5ceb9568e', 'Y2IwaXJiMWtmbzsx'),
('bd24a778fe7103b49ae83d025030c676', 'MeqawrpO1vJvSvUa30lw9vn64f/17w=='),
('bd618109750ca8ea0eae74b5f779aa07', 'umy4vp6x0j'),
('bd6d9fc3c34265ca9bfa039227cace87', 'eHh1cjB1N3Vsejs0'),
('bd841626a657faf414dd12c0acdac980', 'none'),
('bdb65ec0347a0a4c7d3953468001d984', 'c3F0cm82ZGE4czsx'),
('be07a16188cb33ae65e9e9f5cd0f7925', 'poe1accmkk'),
('be0f4961dbd5099cebb89d22467f75b8', 'zlmhu5erhv'),
('be2056c4c5e315211daaee7b9e12d119', 'Zmp4bXpyMjM5Yjs3'),
('be98c4c05319af8a5ca12ebf451ab633', 'none'),
('befda75cb4b88d52469c232669e68cd1', 'OWYyeXN5bTVmODsy'),
('bf41b53c4af96dbba0a6a55b3d9d1b23', 'none'),
('bf4810a2fb60d365ad5af25580b1c924', 'b2l3azZ0dGNmeDsx'),
('bfeff3198556768086611434d9c7b2bc', '4s6vnPpghbAiHoETudGmweL86oj58w=='),
('c025343a34e463e5c8c1f7e7da377acc', 'bmpoajU2Nm44ajsx'),
('c073617f1e1dda9388131778d04dea63', 'IjETzXoMIO2TurZMadmhgIri/e3xig=='),
('c10215b05590b2131de7e1078f17ca58', 'k5n4tfh2po'),
('c112cb7d24d2eea09988e613d7853da3', 'PCaoKEHKQMXtE4krWuQZae2I6IyOig=='),
('c1133c6942fd3114ef9d81c5f1ce4505', '7SflncMmaH999AnFpZukY+vo7/GC7w=='),
('c151d56b1863d85f8b14da0f73d22b87', 'NWxpZmU5eGNyNjs1'),
('c1f54847602c8e43f621accbe5bfe27e', 'none'),
('c20fa6a572f4b6edfdca293667722c53', 'JQrDv0Kgsp+fDKR+jXTw3vKL8IiKjw=='),
('c212e76f7c2e203b7528418fd4bf82a3', 'qvl1dnf86x'),
('c26dc158c2c6c2fea052233ea834cf44', 'OHJ3dGhtazd5czsy'),
('c27a30f7053aaf94d0868e88f3e6dfda', 'g02IaoOoAGJXuxhwh0kSl//pivWO/Q=='),
('c2a83c386adf3ba632027ad96e59e508', 'd2hxv7bbrn'),
('c2b3a80f3c8a729218035a33c5d2d515', 'none'),
('c2bad3b1052d07b2766128748a8bdeff', 'ajNoNXcyMjd0bTs1'),
('c30be9cbd8ba8302faa4be284146f974', 'OHIPasovmlPG3RSJH2hKx+Lj8/yNjA=='),
('c3127c0641fd02607a3ef7af32a83f26', 'gps5x6noah'),
('c33d12b933ad35d0c404278cf0270c58', 'none'),
('c344849afc64f7d551a69e6054066bfc', 'none'),
('c3b8abb519a7a20fc1e789d0794111fd', 'rli3diejvo'),
('c3ce55d606cc3b67467f7311dc123c10', '5xtgt2923w'),
('c3d0c2831f793676fbe581fe045a265f', 'none'),
('c3e0603afbb9f65efc0f908b0f7ab091', '5sbkia3e5f'),
('c409668eade085b49e32f95d0fa95fed', 't00ei33h1Bfu1l6dFGt76fPv6/n8iA=='),
('c47b37d33b918317ec4ed0ce61876962', 'none'),
('c48c3cb38180e3ea0451263551600fcf', 'N2hsNGYwOXFwbDsz'),
('c4eafe03e363ad0fc809b7258c34d2bb', 'ftwG+qa3QkKFueIKHecilO6DiI7j8A=='),
('c4f56a17af859c67c8a6fd591c968601', 't3MkLMjFvkrTBLU18n6kSon0+uj6iQ==');
INSERT INTO `flags_info` (`flag`, `info`) VALUES
('c58abe8f8ae0d89054c427fe80f9597e', 'none'),
('c5e9e53313b7dce7c18ce559da99e79d', '37yg0u3j5v'),
('c5ee0409dfaeac839b18d27663956a92', 'none'),
('c675da9baceb1c32397a1499d5abc302', 'none'),
('c6b4a8c021e991c2324b38abbfc1c99a', 'fs7PpYLj2UX/bJMm01FsH+vriIny9Q=='),
('c6f38c6a6560215ae739c8387ea443bf', 'da54dboy1e'),
('c6fddce60c53bde7f34485619ac760a2', '77Y3EDRLvd4NsfkzZCv8Yor19IP1/A=='),
('c70e66b9fb53e99793bc98a0e8a863fc', 'oizdb2tntw'),
('c71848bd2b0d9ea5341631dec7b59be9', 'vUnZIR5YalUra7YvV5dwCYyOjPHr6A=='),
('c71d4d071757393dc9d113cac476d8a3', 'cjc2a3k3dWRsczs2'),
('c774410789c851d36a3fa2dae4974e9e', 'AWsWC7KxdEEicTmtv8tTIvP/g4jw9w=='),
('c7ea9b5316b2a9ba46864e51ec610a22', 'none'),
('c841246a6699f3b6454ef02d5fc4a883', 'cWJyMmh4ZndtMzs0'),
('c8732b82ccc3ed9007352603bc9254e3', 'sq3al4xqmt'),
('c92b9adf32e597cbb3407a9cdf39cc3d', 'r4ge9kuu3f'),
('c92cd65a0e98f284b692ba23b792db40', '0mtuiZr59vwcR6/qHL80mIji7ffzgg=='),
('c92ef839286ac794f0b11bb70ed0b68a', '8SLwEeOucg0vwHh29SZq7PmJ8Y3hjw=='),
('c958205eefa4b5001b246717ef7aafb6', 'ypvewozncm'),
('c982a59285fce97e4d65c5a845568e5d', 'none'),
('c98383b32d5911491bd731138d925dc5', 'wrrn9e3v04'),
('c996070d5b4cd93fa46dfcc0b8b651de', 'X0R4x2UYWPP5gAqv3xIZaYvq7O/j6g=='),
('c9c286acc981661cf3399523a7475fad', 'MHBtdG9yem1xazsx'),
('c9f7c747a346844a57060b31fada1bc7', 'none'),
('ca4545c1ca6ad3fa123ba75699a72090', '1y3CJxtYADEwbbMvPfNrD4yLiuqPgg=='),
('ca92768bdd1d21b7224c505e2567b99a', '22xal68434'),
('cad5129c513633347ce3bbfa498a2608', 'v1CgLn5WaExSZNYhVY4JBoLug4jy6g=='),
('cba37225c3b1aa537595bdd9a3eab114', 'nkkFIfN555nbLKOAHg0Uoo3sg/fhgw=='),
('cbad5f66f2a1c5fbb834e8577a8dff83', '+W40uByc1t8Y+SQZkuSvEuqM9uzs6A=='),
('cbb685d79f00da079853769036e72d9b', 'none'),
('cc0124a16b547062ca26ca67c4d56874', 'none'),
('cc09d0bdf2ba241c83cd3d1a18b979ad', 'cXNjYm5rMHh4Nzsx'),
('cc4e6f71a12f3176c73cec1e6d72962e', 'pb4v5vdoyv'),
('cc65459403dfcf8254bae5907a6572c1', 'tYqYk1KVHYVSU8ER1m5az/mM9+nv4Q=='),
('cc96b59d85aa7762fec6b454cfc0a223', 'pmsh5v3eqz'),
('ccf27c4279e14c5d7ed69670024ec053', 'cHp5d2U1N2J0Zzs2'),
('cd3f1941f91e398d4f47176297a706b5', 'akjcxa6tzy'),
('cd683a22edbd9ce7d0495e352f241899', 'cnN2N2Q1b2NoZzs2'),
('cd832172a6d250b8d34d9f85ae80bb10', '2ztmgON4b4x/SyLngnR/Wfrx/fz46w=='),
('ce1aab9d8a5eef9e4f859e6b5745bc49', 'mvumbmlpyk'),
('cec249742eede6ae9b5a0ad4d8f5852b', 'gC/rmtRCBXdz8x6hyJOqZI//6P+Kgg=='),
('cec86a99cd43b4b61449ac7dd41fd10a', 'MG4xN3llZTZybTsy'),
('cef8c558f8549bc14558f2f70a0ec2b7', '4uvaa5oxm8'),
('cf298bd8e744dc21059b71e7054469ea', 'none'),
('cf8f5075d68e69ac59081a8bcb936847', 'NWJ0d3hwNGh0OTsz'),
('cfc91c6980a5118cee7cda3fd31b7746', 'none'),
('d01a578b3ff91fdc39dd7593506c055d', 'v2u1tq3h5n'),
('d039b55f24531cd3628589e2909f9f7b', 'vv9wa2bukm'),
('d0400fa28cc81bdcb96fd453d50b6e99', '4ii40k9l6p'),
('d072ab0c3fb5ce82f13e4adfa9aca1ab', 'u1dh9k85ip'),
('d0c5155f93d091af0cd4ed51ed0a8adc', '2ciff7s3jr'),
('d0ec543b5116fa9d6e614a9f819a2978', 'YW03dGY3ZnQ2dzs1'),
('d106644455e93a686725a580f91feb36', 'a82z0ryfvh'),
('d184f885695933e68ceae2b52e400156', 'tp3jgyfbmo'),
('d1fb8600e7fd765c47749265d9709ad1', 'RPm65X1x/BdzpUUmF6RBgOHhiPaN+g=='),
('d25605dd7cdd91ad86becf913ac948ad', 'vai2g6dvgk'),
('d2c904d91cf3121ee943c6a1592db367', 'jgshqxvv1d'),
('d2caa5452fce7cf30b45eacf83e6f499', 'MDZhOW9oZm91Zzs2'),
('d2de59ed334421298208ffab74e2181b', '1xct8gnfuf'),
('d303c6d0e908a5df3c9ec8a7d7f55418', 'none'),
('d37881ff7c9db5b84b4bf056d940422e', 'cGdqemJxdXcwbjs0'),
('d3b2822f982ab60b32d7b8b9d1b1b786', 'kzr1oMKCOy/Q8FuMbzUm//nz7vT/jg=='),
('d3df36e3560ce20791f5f2ed517b2a5f', 'none'),
('d435086403e681eaa77bc08c94f9e687', 'ykFnkZFvfvZ+WlDwkw5+SO2D7P2C+g=='),
('d4400584b76e237d4aaad572a2f0bd75', 'none'),
('d44cc106fa7af6465db3985e72c6dc03', 'cWLoKIaL3aZ57gdR8TYcWIn+6vfz/w=='),
('d482aad25484bb65a0d9f920a6984778', 'dnRkM2JtYWw0dzs0'),
('d4de72b687df3a509eddf971ceb4e221', 'arbv3jn1e2'),
('d4f508c28936d0d017c854fe9c76360d', 'aHh6cGh6OXR1bTs3'),
('d505fae7dbc0694d6feffc483986d066', 'g90cjjiugp'),
('d51af1533b6e830b1ee724dfaeb4b692', 'qXTsltjom4t2KyQc2+66oe7riviO/Q=='),
('d53f0e81bc4461833e5f982a17ca6d8c', 'ihf34cjsfc'),
('d5c5ba3abb2e808de964341fc8adee87', 'hybf4vvm5a'),
('d611b5d85b4961e3d57b815e37bb0148', 'kyc4nsxn21'),
('d66aac50e89f5f9e1da4e94161d1b553', 'none'),
('d6c0e4d67c7bf75f92cc9fc6badb6a44', 'Pe3pc5CVICxY4XYFhTR+V/LjjYnxgg=='),
('d73604f84672a0c8f4091756f1a7726f', 'r6up7u4rqd'),
('d77880999927b53a110bf51177e1d8b3', 'qxWZ5Tw9llL116RbEDyAVeH69OPjig=='),
('d782ee57ef506e3dc97644ec11ac808f', 'l0mnvcom5u'),
('d78b392ccf5da317eec069fc983a0874', 'fbCz35yE2juDFo1B0C8QZYz18vWM9g=='),
('d8c27cad13e18246e1d66f812bca7292', 'xgn4jd06ua'),
('d8f03bbe1fbbb1357044dcee43576019', 'vFgT73id3wLjslvhH352jY/qj/Tpgw=='),
('d92ce46e39cd2ef751bc84e0e4af547e', 'dmtrcm9xa3o3aTs3'),
('d95393438c3439f13c8c0e1a55c97e5b', 'vtjslnr546'),
('d9b8dd14c9897811c5db940d09fc2ce4', 'h0vkdwff1a'),
('da35b55b3bfa36a93a6741798c47e341', 'w6snxdp0cw'),
('da4f5610708ebf1f5460c20e7737544c', 'JPWR16NYw+1kX+wMylZ74+/j9PTq+g=='),
('da917c6e9c91d41c177b79f08c88553d', 'NjhtOXUxaDB2eDs0'),
('da9f352ac95a8de3a87df461a903fc18', '4ck6szvjon'),
('db28811c6098410a0ea455428301b075', 'nrjqi8d2m0'),
('db84ed4259ac6341664e900d750ec013', 'PC1iwXV4O5rjhhrPvHsDb+v66vWKiQ=='),
('dc147ed650128f0bd762a6f2d4a3e80c', 'aWV5MmFjdHFmMzsz'),
('dc4a70360e74ff6c6047699bba4bf517', 'kglash+Zvbh28ycc+YPBGO+P/IKLgw=='),
('dc4d3ff4719de17c073c75eaf01b807e', 'none'),
('dc6c930a2c3b0a48221efe638e2f82d7', 'mX5StGL8ts9+9Vp58vTJHory+or8iA=='),
('dca9ed48375d6e339d2d21b7fe952314', '1utgsbog0d'),
('dd24d8c71d76f754b7d6d37723936afb', 'FGd0C6yuYU1AcSeyqscxIuzhg+r84g=='),
('dd82c2eba101d273a0615d214c361a87', 'none'),
('ddb782c6dad4a92da7e01a09cd0296bb', 'xqwkigz1lb'),
('ddbb705863a4f0a49ea7ff54f951ed38', 'f8uvpZn72ECfbIg+0lQMH/PwiOn39A=='),
('ddc2fa7bedf410cbc6772ad6a75bede9', 'yxvl55pv5a'),
('ddd2c95f26e761aba76c54c87084e5a0', 'cnVlc2lxMnk2cDsy'),
('dde5ccdaf4dce5d2f4fa57bdecbf9f90', '9IAt4OzqsZzFYkED/TYl1IuD/e73+A=='),
('de09dcc200ab0ede66852787308d912a', 'anExeTN4eXRnNDsy'),
('de2aebf686292a7c1190b9b79eee19fd', 'IiBY6EcA8hm3NjS8wIgYUoqCiY/p/w=='),
('de37dc98b69ebca09652c2d837cd7d56', 'dDJoYzZkZnNyeDsy'),
('de5531c9431bc40d0145de5ab7022f2b', 'none'),
('de57313c3c0c8116dded967c935e0adc', 'a2xtOXU2NWF1djsz'),
('de9095cca51cf839401c480050fa8f66', '/FFDXVTvEUbgxi+RqOVuhPWJ9o7u/A=='),
('dea5abb195f69bbf17db282d28834bea', 'bnZ4cjgwa3F0Yjsy'),
('deeb7ed19d883658fe39308eb9644dac', 'none'),
('df0ae1a8f929d6d7967d6faa379240f5', '2JSG7zGecJtML6Iau3BEs/Lvi/fxjA=='),
('df0c6d59a16d6bc8de11c2033c5aff5b', '0Zu0POBOR6e7CLsleglAi/WP7+j14g=='),
('df2da40754df0adb12cef157b16f2784', 'xiuppt1lww'),
('df98f23af7e5a8521438b9f1a459707f', 'bTFvMjZiOGUwdzs1'),
('df9cb47420dd4ee3a68640f572002c45', 'phQWkPKSgoNkXseBaMBMgeOK9I+M9g=='),
('dfbb922a49401eb6509a7e5afbc301af', '/P4RTSDdB03xPd9Tbzz9Gers4/fh8g=='),
('dfdf89b5c701f00bc9995e63fb3af595', 'fbfb7yuypx'),
('dfe3cc3864c67e8b092d6dcd6c25f8c4', 'none'),
('dff5ec0c2adcd702197f435fbd5c73c5', '96nwxvtfat'),
('e0722ce22c76d815012fddc8598be447', 'ffal6veetv'),
('e08e46ece1a243c16c0a2994fcb833b5', 'y3Q2Kt64wk3BAqNIjnm2TPTi/Pr99Q=='),
('e0a778df03d14e1340f2b6a4214d252a', 'ZmZhamozb2pwZDsz'),
('e0b32898ac383180710c241b4f618c50', 'none'),
('e0dff42b56b4a07dd5ef6196be4e76dd', 'KnrQuqVPVnAtzsBObR5HKOvo9P/ojg=='),
('e153979c0bc40a06c4057a421e81cabc', 'pmbiy60s8s'),
('e16530cc16b313a36bc665c23563134a', 'd443tfx9nz'),
('e17aaacd800ed77167ad2d5336615a8f', 'pl+jVGZZcUNRHs4uTIEKfI32+Yv98w=='),
('e204bbcea8728ec539edd14e170495fd', 'v9yz6ybl4h'),
('e25604c64079c8cc4f1834c0fae79a41', 'ti8i3aoq18'),
('e266331aa733d2ea94b56637bc18cb06', 'dsqjqod7t8'),
('e26d0920e7584a4034fff7832d1ab293', 'none'),
('e286c2314da0b2a158f9b8665a7e4376', 'none'),
('e28e0aefdc757795da744eac84d6d28f', 'v5j1buokzi'),
('e2a1498f75dce94036208c6392f744c8', 'YzIxY2VxbDY1cDs2'),
('e2a62c2caec6f85df6fd91d23087c709', 'VXDHxDChwuWbd9Z//Q70pfP5i4zw/w=='),
('e2e765ab3c3c357b63160141b50db1d5', 'ZW5nbnBuNnhmMjsy'),
('e2f76c2db4a31545f5e1853157bf3f68', 'N3Y2ajdlZzIyaDsw'),
('e30fbf6bb8cf2e88059e532b69118a4c', 'none'),
('e36968ff5f2d51d34fc8cde358fe64bb', 'none'),
('e36d9b2f098b9a333478857958f5ca13', 'UGx+dx1t6SxtuIbputPVpYry7fePgw=='),
('e372bafca1c0452cb0ffc3fa69d4731e', 'aqpze7m0y2'),
('e3db4d6b627e09add5f1167eb58f94cd', 'ajszhkh6h7'),
('e3dcc2577a40862265aff6c5843ca0bd', 'vnl47oKbmu4KILeIcK0i/+r6iuHh7g=='),
('e4288781248921f8fcb0dc080a169273', 'none'),
('e4c5a1b72e77ce4db86f1f5da78105d8', 'u20tlz7j6c'),
('e4da343d4dd1e1ca208b77885a93015a', 'amJmazVwemp5OTsw'),
('e4f34cd2331e9e5e468f2e68dbd26fec', 'tfRQpOD9lIhhrVazCJ6UAfOP/OKL6A=='),
('e54b6bd448d94dbbad48bd406cd5f802', 'kD+NF4WuExBSxh52lDsX6vnv9/D87g=='),
('e589a1b770e5a7cf2f2cbd1eaf4931dc', 'xp1qwrmito'),
('e66230f22d84a3087e147c5d0835948b', 'djYxNTM5ZDEwaTs2'),
('e6f9fee61df77e7f17f03e7ae177d735', 'none'),
('e7263f5b46f20c1774ef92f2f40d1231', 'ZG5jcjhtM2k1dDsx'),
('e7315efe0d015266f8b594762e03fc0e', 'DJ9ucONwHEJ4zpH20lKNd++M4YL67g=='),
('e7360d1a582cc6629c72ff51c9f914e1', 'fMx3mMbWQFL024JrH/dT9o/j6v/z8g=='),
('e776b147b8f1ddb341c1faecc1166674', 'none'),
('e7b1c7289b04618c666154038a45f365', 'MnlldDNxYWp5ajsy'),
('e7c541c3740635774a03cce7c55ace21', '6h1rnoox0k'),
('e7c88355173d0bf4b1295b04c694748a', '5u8IQDPbHVzoMMxVdS3kFOz/7u7w6A=='),
('e7e1597ae9d5c984b67f01f5231633bf', 'MGZoa3Bkbm9zaDs3'),
('e85e9a9d2bb1525934402cf2704a1749', 'NmYxcHgxbTdmMjs0'),
('e883df81d9606283656e603d3acc6a30', 'cmdxNm03eG9vZzsz'),
('e89d1b8021a89a4824a1c04bf208918b', 'MoNIV8r9NKf7E/Lg2PK29vaN6+j46Q=='),
('e8f0b5598847d607e891c638f6c8096a', 'none'),
('e8fe3b9537fcb9cc5fe0bb07873b3756', 'wpq10d4ooa'),
('e9270cace3b99674c7458133de2f3bcf', 'gvwxv37tv4'),
('e95c61d6d208841b9f8bdd17e0050046', 'none'),
('e99b383ecc946273fed7a464816a949c', '9hij2skzj3'),
('e9b6c477ed6dc5795854aba23c9bd716', 'dnBpYzE1MDJzaTs2'),
('e9bc62e77e8aa0f890716557548ae901', 'aklg6dz3rd'),
('e9c8fe911940dadae78a83d5799a5f37', 'none'),
('e9cc62113a60646e843ffdce4ec1c531', '08pdz23m9c'),
('ea062102cbf67ede1a4027c9abe89417', 'k3izi70y8u'),
('ea4de225352207d19b8c5c7e2c8dc714', 'eWNkN3Z1dmc0czs2'),
('ea5500b21b5e54752feed0123b6e9829', 'none'),
('ea87a4feab69837d3155766bed487463', 'none'),
('eae173b8f7f430e20face4f1472f3568', 'xsluu80rqo'),
('eaf6b069b7a9b8d982d23a97c983992a', 'H5Y53Y39dVEjcOnhfbvkL/Loiozu4Q=='),
('eb04fe72f291aee19f674bc65f87fa0a', 'aG10N2NoZncxODs1'),
('eb669312e9e1f4d3c0b54daafb431583', 'uo+CkDyBEoBIUK8F2WtAzO3i9PPq7g=='),
('ebe7212744c9ad7486aab12a843c73a6', 'YR2XZLneLHvcgytJ6iipIerv7PHi6Q=='),
('ec206e96d1c2f99d02bf2d7e737bfcb7', 'z7jbrggqgh'),
('ec3cacf01a1bc7efb94e94599957089e', 'uZepUYNFL6umZdguEgVd5v7sgvX5ig=='),
('ec603f72fccbf8c8eb8856fd1d564375', '7/4055HrquLcZTwC5kg804r++veJ4w=='),
('ec6764f9c9c6c41044f473f24830cfaa', 'wyf4l5xxra'),
('ec67dd631d3981829946e8322ea69473', '2lg36zwgeg'),
('ecb441855e42f23e63f3b56c3ad58d74', '2IaYhi+GcIlSRrwCu2Ja2urx4unjjA=='),
('ecb7a70758c0bd7d9f4a0865161fded8', 'ZzFlbmZ2dDFrOTsy'),
('ecbff30c41406589790d297348203789', 'dW12Z2JuNHJrMzsx'),
('ed0c7a68bac4c380bad061df2c10a418', 'PWF+aQUbhCFtpp6f197Vu/zq8/eC7g=='),
('ed2535b97870b06fff6d1785bdcca53c', 'OWI5aGl2Ym16aDs0'),
('edcbc790f36e040dbc04120be5d71b6d', '24qgluk0sb'),
('edcccc04dfb581941fa8751e54c5f8db', 'GmprYs6xb0BfGEWtpMouS/OD6vXx7A=='),
('eefe3df79e1ba5a046cbfefb58d2bad8', 'none'),
('ef0bad60e248de428cb988be28483f43', 'none'),
('ef620c9114c0fe688a39d951781ef596', 'BF0NjzUZNiadkCqTF4U7BIL/8PDw+g=='),
('ef741342535d8ccdc93f12304304b131', 'Ymh4MnU4d2U4MTs0'),
('efea3f4a7d363a0d20d527f08217d5dd', 'none'),
('f033647384bb19929d7b82971e4e0eb4', 'zZWj0CfjuEE1Ya4zBnYvGIuM6eGO7A=='),
('f068006c31097615678573f906cfff84', 'none'),
('f0c31d7d355b4da7370289cd257cd736', 'none'),
('f1085a7f14df05862b42e789d93d026f', 'zipyiuEAep1rQSCfl2VrU4Lz9+jp/g=='),
('f133eaeff77e71fc5b9f5f86c296c048', 'enhrcGZhZTliNzs1'),
('f19d11e5ada8d28b5750084bae79f2ca', '79hgu49y9j'),
('f251aeb78ce57ad3e110d55dd2f3a914', 'none'),
('f2d4cde598a0c1736680011ba2c3c73f', 'none'),
('f2e2666a8959c5deaee14f4fe00bb679', 'eW5nbm12bTRvYzsy'),
('f371578d1728225bb50d871dbf681474', 'rpxEoJ3kj+B1qSuqE/aABery+Pbj8w=='),
('f373f8a44c51fbd43c9c16a9bd6af4ec', 'none'),
('f3f6e14bc7e73e663addecf62e573e8b', 'none'),
('f42183d2178a8667604fec46429f08a8', 'y4lgrq2td6'),
('f458a3b3009a8e8914f1da0219ae4c8a', 'SkdiH06sSfmFrmtlylsnkOH+4ffi+g=='),
('f47926e60f95ab388fbcf4d26a11a8fd', '0ybw25936t'),
('f489acbcf74d843a95c5050bc0b6cc68', '4uzpjondvv'),
('f48e52003a6ab6d029f60129c8b91794', 'NHl6eGsyZHJ1Mjs3'),
('f494eb45dece7fa978a8f2cc170dcee4', 'kSrjxsGJOT/GlliHbSUwmfLwiOLvjA=='),
('f4959f77f7eef758128222888dfdc698', 'k2l1oszbz8'),
('f4e900b2526f6f8c439465733c6e772b', 'N2Jwd3VpOXZoYjs1'),
('f4e9e054b08a2bd3a232006d7ecf2046', 'none'),
('f50a38d0c0e1cf185ba4dce18f5d007f', '8097winngt'),
('f537aa9da0bb08d7993ada7853c5ec39', '4n0n3e1398'),
('f53937b20cd5aedf9af2f835c8ec6fbc', 'U/IQXUX4eDZSqyJTbn/DEu7s/4j39g=='),
('f5e7bd1cf1811b593b19a95be1d34da4', 'N3V0dzNyZjRjdzs2'),
('f628f09775374593afaa49e32a419346', 'none'),
('f6bff60155b238561ac9a7b6a019968c', 'i1avx4qyci'),
('f732fcc29105c45828a7b679d6bb2e27', 'oAvp6NmJkvRzVSV90pG/34/q9P3x9A=='),
('f73e39b4f25ecbaf4ef6793923031afd', 'eGlhNTFhaXF0bDsz'),
('f78d4196ce3dfe1b6edf485160600347', 'none'),
('f7bbd3c9bca4f6aaa441594a0e9fa498', 'amg3enluMWd6bzsx'),
('f7d42dcc9b35fdafe13be123dc0beb80', 'none'),
('f80e5d7ce031b66cfecbd852233a3bcc', 'eWE4YWFqZDVnNTs3'),
('f82b2e8e7ff026dc54f01e3e3fbdf321', 'cXl6NGdhdzV4Yzs3'),
('f88c931249ee78c4499660550d4ee527', '6k71i8xi87'),
('f8c565be08e74f02b9a51377a0e49391', 'cGR0YTV3ZzQ0dTsx'),
('f8d9f84529e538c2b087824802c07a22', 'uCJl8fkNDJV8OjiS4W18KI/rjP/hiA=='),
('f914e962f315ac40a5cec03e0b3015a6', 'tspa4qr04n'),
('f9166a62bae88d418fd0be96fd863c9f', 'qp64fa6u8l'),
('f93e553f0c028ba3c204e63ee56c6a78', 'a7btm928tp'),
('fa5ab44a59c9900755ec253ed541ed75', 'dnF2b283MzNvdzsw'),
('fb0c0853d157636f096f6436065874fc', 'bjhjZXBram9oaDs0'),
('fb315e4a06f5e1b90350f3bea5d7044a', 'none'),
('fb4c412ebda6b6bbe800a48a3e57a7ec', 'YXZ0dmFreGlsdzsx'),
('fb5509abc4502a1217afa07e04b1fa01', 'azZkbmZoMzBvcDsz'),
('fb64446cbe4796d3b35821546afb12c5', 'N3ZpbmlpYm9rbDsy'),
('fb6d99ccd43ac465c40cb5d6bff79ed7', 'leceqhjn54'),
('fb7c41e0f2ad0cfdf6b6877a5dd16671', 'NWRibTFqa21uejsx'),
('fb83157d147ff71c942812fc428f4475', 'M2ZyM25oZ2RhdTs1'),
('fbeaf0c6364fcda39a51004c97db7040', '9GIiVwz+jT6x8Vp6FyJZoIz9/Onvig=='),
('fbf439615c32fc3bf6f006f18d5e70b5', 'vvvp7f3nxy'),
('fbf5396b2528c8c3fa0b20126815816e', 'eTFjZjBiZzVpaTsz'),
('fc138df4418b6748eade015ecb761842', 'mmgaa4e7me'),
('fc2349bd376126efe0cb397f3dc7bcb2', 'zWLDALeFGn5F/x4c3KhkvP+K//Lpig=='),
('fc491422e188fa9865337840724e8071', 'l9otmgl3kj'),
('fc4c553d5b2131b4e57264d6d8e07253', 'QN1HdgkjpJIQIWkCC86zB4r/iIPz6g=='),
('fc6c2111dd6fdb3449f7105c0fa949cd', 'none'),
('fc925cd2524872cf77132d22dabeb1ef', '3c3uwymiw8'),
('fd18de2058246bdde18861857604eedc', 'none'),
('fd256da62561e8eebdff9e99c243608b', 'rgxfxwkt5g'),
('fd6d8d73aaedf5fcc546d1e69b54b61d', 'am5rNm9qaGJpaTsw'),
('fdc824e2a346689820193b4d8c18d508', 'none'),
('fe6421013c749f4b53293fdf0aebc5cb', 'lwoscj8c2n'),
('fe75f8439da8271757dc8dc85436375f', 'none'),
('fe82e09e19bcba9a36b99197d0bead44', '380n5oskos'),
('fe9a6929e644a1dd04fa8bc47e8a60ee', 'F+1mYuBpBzBw3JLvySCFZfaP84qI9Q=='),
('ff0abf89e5e44cfc9602bb748cf06a69', 'QsYnChpGpolwXXpnCdXTe+/s9OPo6A=='),
('ff2f5627ea69c3d0a7f032c93047849b', 'o1XXLngkdEklZNBTSYt+BvDog//39g=='),
('ff6094f922dd1f94ff8c7d599dec7ab3', 'ZWg3ajZkc25sZzsw');

-- --------------------------------------------------------

--
-- Структура таблицы `sended_flags`
--

CREATE TABLE IF NOT EXISTS `sended_flags` (
  `flag_id` int(11) NOT NULL,
  `team_id` int(11) NOT NULL,
  `send_timestamp` timestamp NOT NULL DEFAULT CURRENT_TIMESTAMP,
  UNIQUE KEY `key` (`flag_id`,`team_id`)
) ENGINE=InnoDB DEFAULT CHARSET=latin1;

--
-- Дамп данных таблицы `sended_flags`
--

INSERT INTO `sended_flags` (`flag_id`, `team_id`, `send_timestamp`) VALUES
(491, 1, '2014-05-03 10:48:00'),
(506, 3, '2014-05-03 10:52:31'),
(509, 1, '2014-05-03 10:49:32'),
(515, 3, '2014-05-03 10:52:17'),
(518, 1, '2014-05-03 10:49:19'),
(524, 3, '2014-05-03 10:52:03'),
(530, 1, '2014-05-03 10:50:21'),
(533, 3, '2014-05-03 10:51:48'),
(551, 3, '2014-05-03 10:53:21'),
(560, 3, '2014-05-03 10:54:11'),
(569, 3, '2014-05-03 10:56:19'),
(572, 1, '2014-05-03 10:57:25'),
(572, 3, '2014-05-03 10:59:49'),
(578, 3, '2014-05-03 10:57:59'),
(581, 1, '2014-05-03 10:57:13'),
(581, 3, '2014-05-03 10:59:39'),
(587, 3, '2014-05-03 10:57:28'),
(590, 1, '2014-05-03 10:57:38'),
(590, 3, '2014-05-03 10:59:25'),
(599, 1, '2014-05-03 10:58:22'),
(599, 3, '2014-05-03 10:59:14'),
(608, 1, '2014-05-03 10:59:23'),
(608, 3, '2014-05-03 11:00:02'),
(617, 1, '2014-05-03 11:00:37'),
(617, 3, '2014-05-03 11:01:01'),
(620, 2, '2014-05-03 11:01:21'),
(626, 1, '2014-05-03 11:01:22'),
(626, 3, '2014-05-03 11:01:22'),
(635, 3, '2014-05-03 11:02:41'),
(644, 1, '2014-05-03 11:03:43'),
(644, 3, '2014-05-03 11:03:22'),
(650, 2, '2014-05-03 11:04:46'),
(653, 1, '2014-05-03 11:04:22'),
(653, 3, '2014-05-03 11:04:23'),
(659, 2, '2014-05-03 11:05:47'),
(662, 1, '2014-05-03 11:05:19'),
(662, 3, '2014-05-03 11:05:27'),
(671, 1, '2014-05-03 11:06:23'),
(671, 3, '2014-05-03 11:06:21'),
(674, 2, '2014-05-03 11:07:58'),
(680, 1, '2014-05-03 11:07:41'),
(680, 3, '2014-05-03 11:10:26'),
(683, 2, '2014-05-03 11:07:25'),
(689, 1, '2014-05-03 11:08:55'),
(689, 3, '2014-05-03 11:10:15'),
(698, 1, '2014-05-03 11:10:41'),
(698, 3, '2014-05-03 11:10:06'),
(701, 2, '2014-05-03 11:10:21'),
(707, 1, '2014-05-03 11:11:21'),
(707, 3, '2014-05-03 11:10:58'),
(716, 1, '2014-05-03 11:12:04'),
(716, 3, '2014-05-03 11:11:45'),
(719, 2, '2014-05-03 11:11:48'),
(725, 3, '2014-05-03 11:12:31'),
(734, 3, '2014-05-03 11:13:26'),
(743, 3, '2014-05-03 11:14:21'),
(746, 2, '2014-05-03 11:14:56'),
(749, 2, '2014-05-03 11:17:57'),
(752, 3, '2014-05-03 11:15:21'),
(758, 2, '2014-05-03 11:17:27'),
(761, 3, '2014-05-03 11:16:32'),
(770, 1, '2014-05-03 11:17:34'),
(770, 3, '2014-05-03 11:17:32'),
(779, 1, '2014-05-03 11:21:28'),
(779, 3, '2014-05-03 11:18:45'),
(788, 1, '2014-05-03 11:21:16'),
(788, 3, '2014-05-03 11:19:23'),
(794, 2, '2014-05-03 11:24:30'),
(797, 1, '2014-05-03 11:21:07'),
(803, 2, '2014-05-03 11:24:17'),
(806, 1, '2014-05-03 11:21:46'),
(806, 3, '2014-05-03 11:24:10'),
(812, 2, '2014-05-03 11:24:07'),
(815, 3, '2014-05-03 11:24:02'),
(821, 2, '2014-05-03 11:23:53'),
(824, 3, '2014-05-03 11:23:54'),
(830, 2, '2014-05-03 11:25:14'),
(833, 3, '2014-05-03 11:24:32'),
(836, 2, '2014-05-03 11:24:50'),
(839, 2, '2014-05-03 11:25:39'),
(842, 3, '2014-05-03 11:26:40'),
(845, 2, '2014-05-03 11:26:38'),
(848, 2, '2014-05-03 11:26:24'),
(851, 3, '2014-05-03 11:26:57'),
(854, 2, '2014-05-03 11:26:30'),
(857, 2, '2014-05-03 11:27:30'),
(860, 3, '2014-05-03 11:27:23'),
(863, 2, '2014-05-03 11:28:45'),
(866, 2, '2014-05-03 11:28:28'),
(869, 3, '2014-05-03 11:28:35'),
(872, 2, '2014-05-03 11:28:36'),
(875, 2, '2014-05-03 11:29:33'),
(878, 3, '2014-05-03 11:29:36'),
(881, 2, '2014-05-03 11:29:33'),
(884, 2, '2014-05-03 11:30:28'),
(887, 1, '2014-05-03 11:34:37'),
(887, 3, '2014-05-03 11:30:23'),
(890, 2, '2014-05-03 11:30:59'),
(893, 2, '2014-05-03 11:31:26'),
(896, 1, '2014-05-03 11:34:26'),
(896, 3, '2014-05-03 11:31:32'),
(899, 2, '2014-05-03 11:32:11'),
(902, 2, '2014-05-03 11:32:21'),
(905, 1, '2014-05-03 11:34:07'),
(905, 3, '2014-05-03 11:32:24'),
(908, 2, '2014-05-03 11:33:10'),
(911, 2, '2014-05-03 11:33:24'),
(914, 1, '2014-05-03 11:33:59'),
(914, 3, '2014-05-03 11:33:42'),
(917, 2, '2014-05-03 11:33:56'),
(920, 2, '2014-05-03 11:34:19'),
(923, 1, '2014-05-03 11:35:08'),
(923, 3, '2014-05-03 11:34:26'),
(926, 2, '2014-05-03 11:35:01'),
(929, 2, '2014-05-03 11:35:20'),
(935, 2, '2014-05-03 11:35:59'),
(938, 2, '2014-05-03 11:36:19'),
(941, 1, '2014-05-03 11:36:33'),
(941, 3, '2014-05-03 11:36:27'),
(944, 2, '2014-05-03 11:37:01'),
(947, 2, '2014-05-03 11:37:18'),
(950, 1, '2014-05-03 11:37:49'),
(950, 3, '2014-05-03 11:37:28'),
(953, 2, '2014-05-03 11:38:02'),
(956, 2, '2014-05-03 11:38:26'),
(959, 1, '2014-05-03 11:39:39'),
(959, 3, '2014-05-03 11:38:37'),
(962, 2, '2014-05-03 11:39:39'),
(965, 2, '2014-05-03 11:39:30'),
(968, 1, '2014-05-03 11:39:29'),
(968, 3, '2014-05-03 11:39:27'),
(971, 2, '2014-05-03 11:39:22'),
(974, 2, '2014-05-03 11:40:31'),
(977, 1, '2014-05-03 11:40:25'),
(977, 3, '2014-05-03 11:40:40'),
(980, 2, '2014-05-03 11:40:47'),
(983, 2, '2014-05-03 11:41:34'),
(986, 3, '2014-05-03 11:41:30'),
(989, 2, '2014-05-03 11:41:21'),
(992, 2, '2014-05-03 11:42:16'),
(995, 1, '2014-05-03 11:44:06'),
(995, 3, '2014-05-03 11:42:25'),
(998, 2, '2014-05-03 11:42:27'),
(1001, 2, '2014-05-03 11:43:26'),
(1004, 1, '2014-05-03 11:43:58'),
(1004, 3, '2014-05-03 11:43:46'),
(1007, 2, '2014-05-03 11:43:25'),
(1010, 2, '2014-05-03 11:44:26'),
(1013, 1, '2014-05-03 11:44:37'),
(1013, 3, '2014-05-03 11:44:45'),
(1016, 2, '2014-05-03 11:45:25'),
(1019, 2, '2014-05-03 11:45:19'),
(1022, 1, '2014-05-03 11:45:35'),
(1022, 3, '2014-05-03 11:46:17'),
(1025, 2, '2014-05-03 11:46:03'),
(1028, 2, '2014-05-03 11:46:21'),
(1031, 1, '2014-05-03 11:48:12'),
(1031, 3, '2014-05-03 11:47:05'),
(1034, 2, '2014-05-03 11:46:37'),
(1037, 2, '2014-05-03 11:47:17'),
(1040, 1, '2014-05-03 11:48:21'),
(1040, 3, '2014-05-03 11:47:29'),
(1043, 2, '2014-05-03 11:47:38'),
(1046, 2, '2014-05-03 11:48:22'),
(1049, 1, '2014-05-03 11:49:31'),
(1049, 3, '2014-05-03 11:49:26'),
(1052, 2, '2014-05-03 11:48:44'),
(1055, 2, '2014-05-03 11:49:17'),
(1058, 1, '2014-05-03 11:49:25'),
(1058, 3, '2014-05-03 11:49:36'),
(1061, 2, '2014-05-03 11:49:20'),
(1064, 2, '2014-05-03 11:50:20'),
(1067, 1, '2014-05-03 11:50:55'),
(1067, 3, '2014-05-03 11:52:18'),
(1070, 2, '2014-05-03 11:50:23'),
(1073, 2, '2014-05-03 11:51:22'),
(1076, 1, '2014-05-03 11:52:50'),
(1076, 3, '2014-05-03 11:52:28'),
(1079, 2, '2014-05-03 11:51:27'),
(1082, 2, '2014-05-03 11:52:18'),
(1085, 1, '2014-05-03 11:52:30'),
(1088, 2, '2014-05-03 11:52:42'),
(1091, 2, '2014-05-03 11:53:18'),
(1094, 1, '2014-05-03 11:55:05'),
(1097, 2, '2014-05-03 11:54:20'),
(1100, 2, '2014-05-03 11:54:37'),
(1103, 1, '2014-05-03 11:54:59'),
(1106, 2, '2014-05-03 11:55:11'),
(1109, 2, '2014-05-03 11:55:18'),
(1115, 2, '2014-05-03 11:57:11'),
(1118, 2, '2014-05-03 11:56:16'),
(1124, 2, '2014-05-03 11:57:03'),
(1127, 2, '2014-05-03 11:57:24'),
(1133, 2, '2014-05-03 11:57:46'),
(1136, 2, '2014-05-03 11:58:25'),
(1142, 2, '2014-05-03 11:58:22'),
(1145, 2, '2014-05-03 11:59:19'),
(1151, 2, '2014-05-03 12:00:26'),
(1154, 2, '2014-05-03 12:00:39'),
(1160, 2, '2014-05-03 12:01:02');

-- --------------------------------------------------------

--
-- Структура таблицы `services`
--

CREATE TABLE IF NOT EXISTS `services` (
  `id` int(11) NOT NULL AUTO_INCREMENT,
  `name` varchar(128) NOT NULL,
  PRIMARY KEY (`id`)
) ENGINE=InnoDB  DEFAULT CHARSET=latin1 AUTO_INCREMENT=4 ;

--
-- Дамп данных таблицы `services`
--

INSERT INTO `services` (`id`, `name`) VALUES
(1, 'php'),
(2, 'perl'),
(3, 'python');

-- --------------------------------------------------------

--
-- Структура таблицы `teams`
--

CREATE TABLE IF NOT EXISTS `teams` (
  `id` int(11) NOT NULL AUTO_INCREMENT,
  `name` varchar(128) NOT NULL,
  PRIMARY KEY (`id`)
) ENGINE=InnoDB  DEFAULT CHARSET=latin1 AUTO_INCREMENT=4 ;

--
-- Дамп данных таблицы `teams`
--

INSERT INTO `teams` (`id`, `name`) VALUES
(1, 'yozik'),
(2, 'keva-mustang'),
(3, 'brizzz');

/*!40101 SET CHARACTER_SET_CLIENT=@OLD_CHARACTER_SET_CLIENT */;
/*!40101 SET CHARACTER_SET_RESULTS=@OLD_CHARACTER_SET_RESULTS */;
/*!40101 SET COLLATION_CONNECTION=@OLD_COLLATION_CONNECTION */;
